student_id,jurusan,semester_ke,mata_kuliah,sks,nilai,bobot_nilai,kemampuan_laten
S1,Farmasi,1,Pancasila,2,A,4.0,0.53
S1,Farmasi,1,Fisiologi,4,B+,3.3,0.53
S1,Farmasi,1,Seminar,1,A,4.0,0.53
S1,Farmasi,1,Kewirausahaan,2,A,4.0,0.53
S1,Farmasi,1,Bahasa Inggris,2,B+,3.3,0.53
S1,Farmasi,1,Bahasa Inggris,2,A-,3.7,0.53
S1,Farmasi,1,Bahasa Indonesia,2,A,4.0,0.53
S1,Farmasi,2,Bahasa Indonesia,2,A,4.0,0.53
S1,Farmasi,2,Skripsi,6,B-,2.7,0.53
S1,Farmasi,2,Kerja Praktik,3,A-,3.7,0.53
S1,Farmasi,2,Biokimia,3,B-,2.7,0.53
S1,Farmasi,2,Etika Profesi,2,A,4.0,0.53
S1,Farmasi,2,Metodologi Penelitian,2,A-,3.7,0.53
S1,Farmasi,3,Kewarganegaraan,2,A,4.0,0.53
S1,Farmasi,3,Bahasa Indonesia,2,B+,3.3,0.53
S1,Farmasi,3,Farmakologi,4,B+,3.3,0.53
S1,Farmasi,3,Kimia Dasar,3,B+,3.3,0.53
S1,Farmasi,3,Kimia Organik,3,B,3.0,0.53
S2,Sistem Informasi,1,Struktur Data,3,A,4.0,0.635
S2,Sistem Informasi,1,Pengantar Matematika,2,A-,3.7,0.635
S2,Sistem Informasi,1,Kalkulus I,3,B-,2.7,0.635
S2,Sistem Informasi,1,Jaringan Komputer,3,B+,3.3,0.635
S2,Sistem Informasi,1,Statistika,3,A,4.0,0.635
S2,Sistem Informasi,2,Kewarganegaraan,2,A-,3.7,0.635
S2,Sistem Informasi,2,Kimia Dasar,3,A-,3.7,0.635
S2,Sistem Informasi,2,Fisika Dasar II,3,A,4.0,0.635
S2,Sistem Informasi,2,Kecerdasan Buatan,3,C+,2.3,0.635
S2,Sistem Informasi,2,Agama,2,A,4.0,0.635
S2,Sistem Informasi,2,Grafika Komputer,3,C+,2.3,0.635
S2,Sistem Informasi,2,Basis Data,3,A,4.0,0.635
S2,Sistem Informasi,3,Basis Data,3,B,3.0,0.635
S2,Sistem Informasi,3,Seminar,1,A,4.0,0.635
S2,Sistem Informasi,3,Kewarganegaraan,2,A-,3.7,0.635
S2,Sistem Informasi,3,Agama,2,A-,3.7,0.635
S2,Sistem Informasi,3,Matematika Diskrit,3,B-,2.7,0.635
S2,Sistem Informasi,3,Etika Profesi,2,A,4.0,0.635
S2,Sistem Informasi,3,Bahasa Indonesia,2,A,4.0,0.635
S2,Sistem Informasi,4,Bahasa Indonesia,2,A,4.0,0.635
S2,Sistem Informasi,4,Kewirausahaan,2,A,4.0,0.635
S2,Sistem Informasi,4,Kerja Praktik,3,A,4.0,0.635
S2,Sistem Informasi,4,Kewirausahaan,2,A,4.0,0.635
S2,Sistem Informasi,4,Bahasa Indonesia,2,B+,3.3,0.635
S2,Sistem Informasi,4,Fisika,3,A-,3.7,0.635
S2,Sistem Informasi,5,Pemrograman Mobile,3,B+,3.3,0.635
S2,Sistem Informasi,5,Statistika Inferensial,3,C+,2.3,0.635
S2,Sistem Informasi,5,Metodologi Penelitian,2,A,4.0,0.635
S2,Sistem Informasi,5,Algoritma dan Pemrograman,4,A,4.0,0.635
S2,Sistem Informasi,5,Sistem Operasi,3,B-,2.7,0.635
S2,Sistem Informasi,5,Bahasa Inggris,2,A,4.0,0.635
S2,Sistem Informasi,5,Pancasila,2,A-,3.7,0.635
S2,Sistem Informasi,6,Pancasila,2,A-,3.7,0.635
S2,Sistem Informasi,6,Kalkulus III,3,B-,2.7,0.635
S2,Sistem Informasi,6,Pancasila,2,A,4.0,0.635
S2,Sistem Informasi,6,Aljabar Linear,3,B-,2.7,0.635
S2,Sistem Informasi,6,Fisika Dasar I,3,B+,3.3,0.635
S2,Sistem Informasi,6,Rekayasa Perangkat Lunak,3,B,3.0,0.635
S2,Sistem Informasi,6,Skripsi,6,A,4.0,0.635
S2,Sistem Informasi,7,Skripsi,6,A-,3.7,0.635
S2,Sistem Informasi,7,Pembelajaran Mesin,3,B+,3.3,0.635
S2,Sistem Informasi,7,Kimia Organik,3,C,2.0,0.635
S2,Sistem Informasi,7,Bahasa Inggris,2,B+,3.3,0.635
S2,Sistem Informasi,7,Pemrograman Berorientasi Objek,3,B+,3.3,0.635
S2,Sistem Informasi,7,Pemrograman Web,3,A-,3.7,0.635
S3,Akuntansi,1,Manajemen,3,A-,3.7,0.595
S3,Akuntansi,1,Kerja Praktik,3,A-,3.7,0.595
S3,Akuntansi,1,Pancasila,2,A,4.0,0.595
S3,Akuntansi,1,Perilaku Organisasi,3,A-,3.7,0.595
S3,Akuntansi,1,Skripsi,6,A,4.0,0.595
S3,Akuntansi,2,Agama,2,A,4.0,0.595
S3,Akuntansi,2,Metodologi Penelitian,2,A,4.0,0.595
S3,Akuntansi,2,Bahasa Indonesia,2,A,4.0,0.595
S3,Akuntansi,2,Kewirausahaan,2,A,4.0,0.595
S3,Akuntansi,2,Bahasa Indonesia,2,A,4.0,0.595
S3,Akuntansi,2,Agama,2,A,4.0,0.595
S4,Sistem Informasi,1,Kerja Praktik,3,B+,3.3,0.467
S4,Sistem Informasi,1,Skripsi,6,A,4.0,0.467
S4,Sistem Informasi,1,Jaringan Komputer,3,B,3.0,0.467
S4,Sistem Informasi,1,Kewirausahaan,2,B+,3.3,0.467
S4,Sistem Informasi,1,Metodologi Penelitian,2,A,4.0,0.467
S4,Sistem Informasi,2,Basis Data,3,A,4.0,0.467
S4,Sistem Informasi,2,Kimia Dasar,3,A-,3.7,0.467
S4,Sistem Informasi,2,Pemrograman Mobile,3,A-,3.7,0.467
S4,Sistem Informasi,2,Aljabar Linear,3,B,3.0,0.467
S4,Sistem Informasi,2,Kewirausahaan,2,A-,3.7,0.467
S4,Sistem Informasi,3,Kalkulus II,3,B+,3.3,0.467
S4,Sistem Informasi,3,Agama,2,B,3.0,0.467
S4,Sistem Informasi,3,Bahasa Indonesia,2,A,4.0,0.467
S4,Sistem Informasi,3,Grafika Komputer,3,B,3.0,0.467
S4,Sistem Informasi,3,Kalkulus I,3,B+,3.3,0.467
S4,Sistem Informasi,3,Bahasa Indonesia,2,A-,3.7,0.467
S5,Teknik Informatika,1,Kecerdasan Buatan,3,A-,3.7,0.905
S5,Teknik Informatika,1,Pemrograman Web,3,A,4.0,0.905
S5,Teknik Informatika,1,Pancasila,2,A-,3.7,0.905
S5,Teknik Informatika,1,Seminar,1,A,4.0,0.905
S5,Teknik Informatika,1,Kewarganegaraan,2,A,4.0,0.905
S5,Teknik Informatika,1,Fisika Dasar I,3,A,4.0,0.905
S5,Teknik Informatika,2,Pemrograman Berorientasi Objek,3,B-,2.7,0.905
S5,Teknik Informatika,2,Statistika,3,A,4.0,0.905
S5,Teknik Informatika,2,Metodologi Penelitian,2,A,4.0,0.905
S5,Teknik Informatika,2,Kalkulus I,3,A-,3.7,0.905
S5,Teknik Informatika,2,Kimia Organik,3,A,4.0,0.905
S5,Teknik Informatika,2,Rekayasa Perangkat Lunak,3,C+,2.3,0.905
S5,Teknik Informatika,3,Sistem Operasi,3,B+,3.3,0.905
S5,Teknik Informatika,3,Etika Profesi,2,B+,3.3,0.905
S5,Teknik Informatika,3,Pemrograman Mobile,3,B,3.0,0.905
S5,Teknik Informatika,3,Fisika,3,A-,3.7,0.905
S5,Teknik Informatika,3,Matematika Diskrit,3,A,4.0,0.905
S5,Teknik Informatika,3,Jaringan Komputer,3,A-,3.7,0.905
S5,Teknik Informatika,4,Pembelajaran Mesin,3,A-,3.7,0.905
S5,Teknik Informatika,4,Bahasa Inggris,2,A,4.0,0.905
S5,Teknik Informatika,4,Aljabar Linear,3,A-,3.7,0.905
S5,Teknik Informatika,4,Agama,2,A,4.0,0.905
S5,Teknik Informatika,4,Pengantar Matematika,2,A-,3.7,0.905
S5,Teknik Informatika,4,Fisika Dasar II,3,B+,3.3,0.905
S5,Teknik Informatika,4,Statistika Inferensial,3,B,3.0,0.905
S5,Teknik Informatika,5,Statistika Inferensial,3,A,4.0,0.905
S5,Teknik Informatika,5,Kewirausahaan,2,A,4.0,0.905
S5,Teknik Informatika,5,Kalkulus II,3,B+,3.3,0.905
S5,Teknik Informatika,5,Bahasa Inggris,2,A,4.0,0.905
S5,Teknik Informatika,5,Pancasila,2,B+,3.3,0.905
S5,Teknik Informatika,6,Basis Data,3,A-,3.7,0.905
S5,Teknik Informatika,6,Grafika Komputer,3,B+,3.3,0.905
S5,Teknik Informatika,6,Bahasa Indonesia,2,A,4.0,0.905
S5,Teknik Informatika,6,Algoritma dan Pemrograman,4,A-,3.7,0.905
S5,Teknik Informatika,6,Agama,2,A,4.0,0.905
S5,Teknik Informatika,6,Kewirausahaan,2,A-,3.7,0.905
S5,Teknik Informatika,6,Skripsi,6,A,4.0,0.905
S5,Teknik Informatika,7,Skripsi,6,A,4.0,0.905
S5,Teknik Informatika,7,Kewarganegaraan,2,A,4.0,0.905
S5,Teknik Informatika,7,Kimia Dasar,3,B,3.0,0.905
S5,Teknik Informatika,7,Kalkulus III,3,A-,3.7,0.905
S5,Teknik Informatika,7,Kerja Praktik,3,A-,3.7,0.905
S6,Teknik Mesin,1,Kewarganegaraan,2,A-,3.7,0.441
S6,Teknik Mesin,1,Bahasa Inggris,2,A,4.0,0.441
S6,Teknik Mesin,1,Agama,2,A,4.0,0.441
S6,Teknik Mesin,1,Kimia Dasar,3,B,3.0,0.441
S6,Teknik Mesin,1,Bahasa Inggris,2,A,4.0,0.441
S6,Teknik Mesin,2,Statistika Inferensial,3,B-,2.7,0.441
S6,Teknik Mesin,2,Bahasa Indonesia,2,A,4.0,0.441
S6,Teknik Mesin,2,Fisika Dasar II,3,C+,2.3,0.441
S6,Teknik Mesin,2,Fisika Dasar I,3,A-,3.7,0.441
S6,Teknik Mesin,2,Fisika,3,B,3.0,0.441
S6,Teknik Mesin,2,Kewirausahaan,2,A,4.0,0.441
S6,Teknik Mesin,3,Kimia Organik,3,B+,3.3,0.441
S6,Teknik Mesin,3,Kalkulus III,3,B+,3.3,0.441
S6,Teknik Mesin,3,Metodologi Penelitian,2,A-,3.7,0.441
S6,Teknik Mesin,3,Skripsi,6,A,4.0,0.441
S6,Teknik Mesin,3,Seminar,1,B+,3.3,0.441
S6,Teknik Mesin,3,Kalkulus II,3,B+,3.3,0.441
S6,Teknik Mesin,4,Kewarganegaraan,2,A-,3.7,0.441
S6,Teknik Mesin,4,Bahasa Indonesia,2,A,4.0,0.441
S6,Teknik Mesin,4,Statistika,3,B-,2.7,0.441
S6,Teknik Mesin,4,Kewirausahaan,2,B,3.0,0.441
S6,Teknik Mesin,4,Pancasila,2,A-,3.7,0.441
S6,Teknik Mesin,4,Aljabar Linear,3,C+,2.3,0.441
S6,Teknik Mesin,4,Pancasila,2,B+,3.3,0.441
S6,Teknik Mesin,5,Pancasila,2,A-,3.7,0.441
S6,Teknik Mesin,5,Kalkulus I,3,A,4.0,0.441
S6,Teknik Mesin,5,Kerja Praktik,3,A,4.0,0.441
S6,Teknik Mesin,5,Etika Profesi,2,A-,3.7,0.441
S6,Teknik Mesin,5,Matematika Diskrit,3,B-,2.7,0.441
S7,Manajemen,1,Statistika Inferensial,3,C+,2.3,0.454
S7,Manajemen,1,Bahasa Indonesia,2,A,4.0,0.454
S7,Manajemen,1,Etika Profesi,2,A,4.0,0.454
S7,Manajemen,1,Kerja Praktik,3,A,4.0,0.454
S7,Manajemen,1,Matematika Diskrit,3,B,3.0,0.454
S7,Manajemen,1,Perilaku Organisasi,3,A-,3.7,0.454
S7,Manajemen,2,Statistika,3,B-,2.7,0.454
S7,Manajemen,2,Pancasila,2,A,4.0,0.454
S7,Manajemen,2,Akuntansi Keuangan,3,B+,3.3,0.454
S7,Manajemen,2,Kewarganegaraan,2,A,4.0,0.454
S7,Manajemen,2,Kewirausahaan,2,A-,3.7,0.454
S7,Manajemen,2,Manajemen,3,C+,2.3,0.454
S7,Manajemen,2,Bahasa Indonesia,2,A,4.0,0.454
S7,Manajemen,3,Bahasa Indonesia,2,A,4.0,0.454
S7,Manajemen,3,Bahasa Inggris,2,A,4.0,0.454
S7,Manajemen,3,Aljabar Linear,3,B+,3.3,0.454
S7,Manajemen,3,Metodologi Penelitian,2,A-,3.7,0.454
S7,Manajemen,3,Skripsi,6,B+,3.3,0.454
S7,Manajemen,3,Seminar,1,A,4.0,0.454
S7,Manajemen,3,Kewarganegaraan,2,A-,3.7,0.454
S7,Manajemen,4,Kewarganegaraan,2,A,4.0,0.454
S7,Manajemen,4,Pengantar Matematika,2,A-,3.7,0.454
S7,Manajemen,4,Pemasaran,3,A,4.0,0.454
S7,Manajemen,4,Kalkulus II,3,C,2.0,0.454
S7,Manajemen,4,Bahasa Inggris,2,A-,3.7,0.454
S7,Manajemen,4,Kalkulus I,3,B,3.0,0.454
S7,Manajemen,5,Agama,2,A,4.0,0.454
S7,Manajemen,5,Kalkulus III,3,B+,3.3,0.454
S7,Manajemen,5,Kewirausahaan,2,A,4.0,0.454
S7,Manajemen,5,Pengantar Ekonomi,3,A-,3.7,0.454
S7,Manajemen,5,Pancasila,2,A,4.0,0.454
S7,Manajemen,5,Agama,2,A-,3.7,0.454
S8,Hukum,1,Bahasa Indonesia,2,A,4.0,0.501
S8,Hukum,1,Kewarganegaraan,2,A,4.0,0.501
S8,Hukum,1,Seminar,1,A,4.0,0.501
S8,Hukum,1,Hukum Perdata,3,A-,3.7,0.501
S8,Hukum,1,Agama,2,A,4.0,0.501
S8,Hukum,1,Hukum Pidana,3,B+,3.3,0.501
S8,Hukum,2,Skripsi,6,A,4.0,0.501
S8,Hukum,2,Etika Profesi,2,A,4.0,0.501
S8,Hukum,2,Kewirausahaan,2,A-,3.7,0.501
S8,Hukum,2,Kewirausahaan,2,A,4.0,0.501
S8,Hukum,2,Bahasa Inggris,2,A,4.0,0.501
S8,Hukum,2,Bahasa Inggris,2,A,4.0,0.501
S8,Hukum,2,Pengantar Ilmu Hukum,3,A-,3.7,0.501
S8,Hukum,3,Pengantar Ilmu Hukum,3,B+,3.3,0.501
S8,Hukum,3,Metodologi Penelitian,2,B+,3.3,0.501
S8,Hukum,3,Bahasa Indonesia,2,A,4.0,0.501
S8,Hukum,3,Kerja Praktik,3,A-,3.7,0.501
S8,Hukum,3,Agama,2,A-,3.7,0.501
S8,Hukum,4,Pancasila,2,A-,3.7,0.501
S8,Hukum,4,Kewarganegaraan,2,A,4.0,0.501
S9,Sistem Informasi,1,Sistem Operasi,3,B,3.0,0.565
S9,Sistem Informasi,1,Fisika,3,A,4.0,0.565
S9,Sistem Informasi,1,Pemrograman Berorientasi Objek,3,B-,2.7,0.565
S9,Sistem Informasi,1,Pancasila,2,A,4.0,0.565
S9,Sistem Informasi,1,Kecerdasan Buatan,3,A-,3.7,0.565
S9,Sistem Informasi,1,Bahasa Indonesia,2,A-,3.7,0.565
S9,Sistem Informasi,2,Kerja Praktik,3,A,4.0,0.565
S9,Sistem Informasi,2,Jaringan Komputer,3,B-,2.7,0.565
S9,Sistem Informasi,2,Matematika Diskrit,3,B-,2.7,0.565
S9,Sistem Informasi,2,Basis Data,3,B-,2.7,0.565
S9,Sistem Informasi,2,Struktur Data,3,B-,2.7,0.565
S9,Sistem Informasi,2,Pembelajaran Mesin,3,B,3.0,0.565
S9,Sistem Informasi,2,Fisika Dasar II,3,A,4.0,0.565
S9,Sistem Informasi,3,Fisika Dasar II,3,B+,3.3,0.565
S9,Sistem Informasi,3,Kalkulus I,3,A,4.0,0.565
S9,Sistem Informasi,3,Pemrograman Web,3,A-,3.7,0.565
S9,Sistem Informasi,3,Etika Profesi,2,A,4.0,0.565
S9,Sistem Informasi,3,Kewirausahaan,2,A-,3.7,0.565
S9,Sistem Informasi,4,Statistika,3,B+,3.3,0.565
S9,Sistem Informasi,4,Kalkulus III,3,B,3.0,0.565
S9,Sistem Informasi,4,Algoritma dan Pemrograman,4,A,4.0,0.565
S9,Sistem Informasi,4,Kewirausahaan,2,B+,3.3,0.565
S9,Sistem Informasi,4,Fisika Dasar I,3,A,4.0,0.565
S9,Sistem Informasi,4,Statistika Inferensial,3,C+,2.3,0.565
S9,Sistem Informasi,4,Pancasila,2,A-,3.7,0.565
S9,Sistem Informasi,5,Pancasila,2,A-,3.7,0.565
S9,Sistem Informasi,5,Aljabar Linear,3,B+,3.3,0.565
S9,Sistem Informasi,5,Kimia Dasar,3,A,4.0,0.565
S9,Sistem Informasi,5,Bahasa Inggris,2,B+,3.3,0.565
S9,Sistem Informasi,5,Kalkulus II,3,B+,3.3,0.565
S9,Sistem Informasi,5,Metodologi Penelitian,2,B+,3.3,0.565
S9,Sistem Informasi,6,Pemrograman Mobile,3,B,3.0,0.565
S9,Sistem Informasi,6,Kewarganegaraan,2,B+,3.3,0.565
S9,Sistem Informasi,6,Agama,2,A,4.0,0.565
S9,Sistem Informasi,6,Grafika Komputer,3,B,3.0,0.565
S9,Sistem Informasi,6,Skripsi,6,B+,3.3,0.565
S9,Sistem Informasi,7,Kimia Organik,3,B+,3.3,0.565
S9,Sistem Informasi,7,Seminar,1,A,4.0,0.565
S9,Sistem Informasi,7,Rekayasa Perangkat Lunak,3,B,3.0,0.565
S9,Sistem Informasi,7,Bahasa Inggris,2,A,4.0,0.565
S9,Sistem Informasi,7,Agama,2,A-,3.7,0.565
S10,Farmasi,1,Kewarganegaraan,2,A-,3.7,0.441
S10,Farmasi,1,Bahasa Indonesia,2,A-,3.7,0.441
S10,Farmasi,1,Skripsi,6,B,3.0,0.441
S10,Farmasi,1,Kimia Dasar,3,B+,3.3,0.441
S10,Farmasi,1,Mikrobiologi,3,B+,3.3,0.441
S10,Farmasi,1,Kerja Praktik,3,A,4.0,0.441
S10,Farmasi,1,Seminar,1,A,4.0,0.441
S10,Farmasi,2,Seminar,1,A,4.0,0.441
S10,Farmasi,2,Bahasa Inggris,2,A,4.0,0.441
S10,Farmasi,2,Genetika,3,B-,2.7,0.441
S10,Farmasi,2,Kimia Organik,3,A-,3.7,0.441
S10,Farmasi,2,Pancasila,2,A,4.0,0.441
S10,Farmasi,2,Agama,2,A-,3.7,0.441
S10,Farmasi,3,Kewirausahaan,2,A-,3.7,0.441
S10,Farmasi,3,Kewarganegaraan,2,B+,3.3,0.441
S10,Farmasi,3,Bahasa Inggris,2,A-,3.7,0.441
S10,Farmasi,3,Agama,2,A,4.0,0.441
S10,Farmasi,3,Fisiologi,4,A,4.0,0.441
S10,Farmasi,4,Pancasila,2,A-,3.7,0.441
S10,Farmasi,4,Biokimia,3,C+,2.3,0.441
S10,Farmasi,4,Anatomi,4,C+,2.3,0.441
S10,Farmasi,4,Metodologi Penelitian,2,A-,3.7,0.441
S10,Farmasi,4,Bahasa Indonesia,2,A-,3.7,0.441
S10,Farmasi,4,Farmakologi,4,C+,2.3,0.441
S10,Farmasi,5,Etika Profesi,2,A,4.0,0.441
S11,Biologi,1,Kerja Praktik,3,A,4.0,0.941
S11,Biologi,1,Kewarganegaraan,2,A,4.0,0.941
S11,Biologi,1,Pengantar Matematika,2,A,4.0,0.941
S11,Biologi,1,Agama,2,A,4.0,0.941
S11,Biologi,1,Matematika Diskrit,3,A,4.0,0.941
S11,Biologi,1,Mikrobiologi,3,B,3.0,0.941
S11,Biologi,2,Seminar,1,A,4.0,0.941
S11,Biologi,2,Kewirausahaan,2,A-,3.7,0.941
S11,Biologi,2,Bahasa Indonesia,2,A,4.0,0.941
S11,Biologi,2,Etika Profesi,2,A,4.0,0.941
S11,Biologi,2,Agama,2,A-,3.7,0.941
S11,Biologi,2,Kimia Dasar,3,A-,3.7,0.941
S11,Biologi,2,Bahasa Indonesia,2,A,4.0,0.941
S11,Biologi,3,Bahasa Indonesia,2,B+,3.3,0.941
S11,Biologi,3,Kalkulus III,3,B+,3.3,0.941
S11,Biologi,3,Statistika Inferensial,3,C+,2.3,0.941
S11,Biologi,3,Metodologi Penelitian,2,A,4.0,0.941
S11,Biologi,3,Kewarganegaraan,2,A,4.0,0.941
S11,Biologi,3,Pancasila,2,A-,3.7,0.941
S11,Biologi,4,Kewirausahaan,2,A,4.0,0.941
S11,Biologi,4,Pancasila,2,A,4.0,0.941
S11,Biologi,4,Kalkulus II,3,A,4.0,0.941
S11,Biologi,4,Kalkulus I,3,B-,2.7,0.941
S11,Biologi,4,Kimia Organik,3,A,4.0,0.941
S11,Biologi,4,Bahasa Inggris,2,B,3.0,0.941
S11,Biologi,4,Statistika,3,A,4.0,0.941
S11,Biologi,5,Statistika,3,A,4.0,0.941
S11,Biologi,5,Bahasa Inggris,2,B,3.0,0.941
S11,Biologi,5,Aljabar Linear,3,A-,3.7,0.941
S11,Biologi,5,Genetika,3,A-,3.7,0.941
S11,Biologi,5,Skripsi,6,A,4.0,0.941
S12,Teknik Elektro,1,Kewirausahaan,2,A,4.0,0.477
S12,Teknik Elektro,1,Fisika Dasar II,3,A-,3.7,0.477
S12,Teknik Elektro,1,Kewirausahaan,2,B+,3.3,0.477
S12,Teknik Elektro,1,Aljabar Linear,3,A,4.0,0.477
S12,Teknik Elektro,1,Pancasila,2,B+,3.3,0.477
S12,Teknik Elektro,1,Etika Profesi,2,A,4.0,0.477
S12,Teknik Elektro,1,Bahasa Indonesia,2,B,3.0,0.477
S12,Teknik Elektro,2,Bahasa Indonesia,2,A,4.0,0.477
S12,Teknik Elektro,2,Metodologi Penelitian,2,B+,3.3,0.477
S12,Teknik Elektro,2,Statistika Inferensial,3,A-,3.7,0.477
S12,Teknik Elektro,2,Bahasa Indonesia,2,A,4.0,0.477
S12,Teknik Elektro,2,Fisika,3,A,4.0,0.477
S12,Teknik Elektro,2,Statistika,3,B+,3.3,0.477
S12,Teknik Elektro,2,Kewarganegaraan,2,B+,3.3,0.477
S13,Teknik Mesin,1,Kewirausahaan,2,A,4.0,0.632
S13,Teknik Mesin,1,Pengantar Matematika,2,A,4.0,0.632
S13,Teknik Mesin,1,Bahasa Inggris,2,B+,3.3,0.632
S13,Teknik Mesin,1,Pancasila,2,A,4.0,0.632
S13,Teknik Mesin,1,Statistika,3,A-,3.7,0.632
S13,Teknik Mesin,1,Agama,2,A,4.0,0.632
S13,Teknik Mesin,2,Matematika Diskrit,3,B-,2.7,0.632
S13,Teknik Mesin,2,Agama,2,A,4.0,0.632
S13,Teknik Mesin,2,Skripsi,6,B,3.0,0.632
S13,Teknik Mesin,2,Bahasa Indonesia,2,A-,3.7,0.632
S13,Teknik Mesin,2,Bahasa Indonesia,2,B+,3.3,0.632
S13,Teknik Mesin,3,Pancasila,2,A,4.0,0.632
S13,Teknik Mesin,3,Metodologi Penelitian,2,B+,3.3,0.632
S13,Teknik Mesin,3,Seminar,1,A,4.0,0.632
S13,Teknik Mesin,3,Fisika,3,B,3.0,0.632
S13,Teknik Mesin,3,Kewarganegaraan,2,A-,3.7,0.632
S13,Teknik Mesin,3,Kalkulus I,3,A-,3.7,0.632
S13,Teknik Mesin,3,Kerja Praktik,3,B,3.0,0.632
S13,Teknik Mesin,4,Kerja Praktik,3,B+,3.3,0.632
S13,Teknik Mesin,4,Kalkulus III,3,B,3.0,0.632
S13,Teknik Mesin,4,Kewarganegaraan,2,B+,3.3,0.632
S13,Teknik Mesin,4,Aljabar Linear,3,B-,2.7,0.632
S13,Teknik Mesin,4,Statistika Inferensial,3,A-,3.7,0.632
S13,Teknik Mesin,5,Kimia Organik,3,B,3.0,0.632
S13,Teknik Mesin,5,Kalkulus II,3,B+,3.3,0.632
S13,Teknik Mesin,5,Kewirausahaan,2,B,3.0,0.632
S13,Teknik Mesin,5,Etika Profesi,2,A-,3.7,0.632
S13,Teknik Mesin,5,Bahasa Inggris,2,B+,3.3,0.632
S14,Manajemen,1,Skripsi,6,B+,3.3,0.431
S14,Manajemen,1,Bahasa Indonesia,2,A,4.0,0.431
S14,Manajemen,1,Etika Profesi,2,A,4.0,0.431
S14,Manajemen,1,Kewirausahaan,2,B+,3.3,0.431
S14,Manajemen,1,Pengantar Matematika,2,A-,3.7,0.431
S14,Manajemen,2,Perilaku Organisasi,3,A,4.0,0.431
S14,Manajemen,2,Kerja Praktik,3,A,4.0,0.431
S14,Manajemen,2,Manajemen,3,A,4.0,0.431
S14,Manajemen,2,Metodologi Penelitian,2,A-,3.7,0.431
S14,Manajemen,2,Kalkulus I,3,A,4.0,0.431
S14,Manajemen,2,Kewarganegaraan,2,A-,3.7,0.431
S14,Manajemen,2,Bahasa Indonesia,2,A,4.0,0.431
S14,Manajemen,3,Bahasa Indonesia,2,A,4.0,0.431
S14,Manajemen,3,Statistika,3,B,3.0,0.431
S14,Manajemen,3,Statistika Inferensial,3,A-,3.7,0.431
S14,Manajemen,3,Bahasa Inggris,2,A-,3.7,0.431
S14,Manajemen,3,Akuntansi Keuangan,3,B+,3.3,0.431
S14,Manajemen,3,Kalkulus II,3,B+,3.3,0.431
S14,Manajemen,3,Bahasa Inggris,2,A,4.0,0.431
S14,Manajemen,4,Bahasa Inggris,2,B+,3.3,0.431
S14,Manajemen,4,Kewirausahaan,2,B+,3.3,0.431
S14,Manajemen,4,Pemasaran,3,A-,3.7,0.431
S14,Manajemen,4,Aljabar Linear,3,C+,2.3,0.431
S14,Manajemen,4,Pancasila,2,A-,3.7,0.431
S15,Ilmu Komunikasi,1,Skripsi,6,B,3.0,0.477
S15,Ilmu Komunikasi,1,Etika Profesi,2,A,4.0,0.477
S15,Ilmu Komunikasi,1,Bahasa Inggris,2,A,4.0,0.477
S15,Ilmu Komunikasi,1,Kewirausahaan,2,A,4.0,0.477
S15,Ilmu Komunikasi,1,Komunikasi Organisasi,3,A,4.0,0.477
S15,Ilmu Komunikasi,1,Pancasila,2,A-,3.7,0.477
S15,Ilmu Komunikasi,1,Pancasila,2,A-,3.7,0.477
S15,Ilmu Komunikasi,2,Pancasila,2,A,4.0,0.477
S15,Ilmu Komunikasi,2,Agama,2,A,4.0,0.477
S15,Ilmu Komunikasi,2,Bahasa Inggris,2,A-,3.7,0.477
S15,Ilmu Komunikasi,2,Agama,2,B+,3.3,0.477
S15,Ilmu Komunikasi,2,Seminar,1,B,3.0,0.477
S15,Ilmu Komunikasi,3,Komunikasi Massa,3,B+,3.3,0.477
S15,Ilmu Komunikasi,3,Perilaku Organisasi,3,B+,3.3,0.477
S15,Ilmu Komunikasi,3,Kewirausahaan,2,A,4.0,0.477
S15,Ilmu Komunikasi,3,Kewarganegaraan,2,A,4.0,0.477
S15,Ilmu Komunikasi,3,Metodologi Penelitian,2,A,4.0,0.477
S15,Ilmu Komunikasi,3,Bahasa Indonesia,2,A,4.0,0.477
S16,Farmasi,1,Kewirausahaan,2,A-,3.7,0.56
S16,Farmasi,1,Kimia Organik,3,C-,1.7,0.56
S16,Farmasi,1,Kewirausahaan,2,B,3.0,0.56
S16,Farmasi,1,Kewarganegaraan,2,A-,3.7,0.56
S16,Farmasi,1,Bahasa Inggris,2,A,4.0,0.56
S16,Farmasi,1,Kimia Dasar,3,B,3.0,0.56
S16,Farmasi,2,Kewarganegaraan,2,A,4.0,0.56
S16,Farmasi,2,Agama,2,A-,3.7,0.56
S16,Farmasi,2,Kerja Praktik,3,A-,3.7,0.56
S16,Farmasi,2,Genetika,3,C+,2.3,0.56
S16,Farmasi,2,Anatomi,4,A,4.0,0.56
S16,Farmasi,2,Skripsi,6,A,4.0,0.56
S16,Farmasi,2,Mikrobiologi,3,B,3.0,0.56
S16,Farmasi,3,Mikrobiologi,3,A,4.0,0.56
S16,Farmasi,3,Etika Profesi,2,A,4.0,0.56
S16,Farmasi,3,Seminar,1,A-,3.7,0.56
S16,Farmasi,3,Farmakologi,4,A,4.0,0.56
S16,Farmasi,3,Fisiologi,4,B+,3.3,0.56
S16,Farmasi,3,Biokimia,3,A-,3.7,0.56
S16,Farmasi,3,Bahasa Indonesia,2,A-,3.7,0.56
S17,Manajemen,1,Kewarganegaraan,2,A,4.0,0.38
S17,Manajemen,1,Pengantar Matematika,2,A-,3.7,0.38
S17,Manajemen,1,Kalkulus I,3,A,4.0,0.38
S17,Manajemen,1,Agama,2,A,4.0,0.38
S17,Manajemen,1,Aljabar Linear,3,A-,3.7,0.38
S17,Manajemen,1,Bahasa Inggris,2,A,4.0,0.38
S17,Manajemen,2,Kewarganegaraan,2,A,4.0,0.38
S17,Manajemen,2,Kalkulus II,3,B-,2.7,0.38
S17,Manajemen,2,Pancasila,2,A,4.0,0.38
S17,Manajemen,2,Agama,2,A-,3.7,0.38
S17,Manajemen,2,Statistika,3,B+,3.3,0.38
S17,Manajemen,3,Statistika Inferensial,3,B-,2.7,0.38
S17,Manajemen,3,Kewirausahaan,2,B,3.0,0.38
S17,Manajemen,3,Bahasa Indonesia,2,A,4.0,0.38
S17,Manajemen,3,Kerja Praktik,3,B+,3.3,0.38
S17,Manajemen,3,Etika Profesi,2,A,4.0,0.38
S17,Manajemen,4,Manajemen,3,A-,3.7,0.38
S17,Manajemen,4,Pemasaran,3,B+,3.3,0.38
S17,Manajemen,4,Pancasila,2,A,4.0,0.38
S17,Manajemen,4,Kewirausahaan,2,B+,3.3,0.38
S17,Manajemen,4,Kalkulus III,3,A-,3.7,0.38
S17,Manajemen,4,Akuntansi Keuangan,3,B-,2.7,0.38
S18,Teknik Elektro,1,Seminar,1,A-,3.7,0.116
S18,Teknik Elektro,1,Etika Profesi,2,A-,3.7,0.116
S18,Teknik Elektro,1,Kewirausahaan,2,B+,3.3,0.116
S18,Teknik Elektro,1,Metodologi Penelitian,2,B+,3.3,0.116
S18,Teknik Elektro,1,Pancasila,2,A-,3.7,0.116
S18,Teknik Elektro,1,Kewarganegaraan,2,A,4.0,0.116
S18,Teknik Elektro,2,Kalkulus II,3,B+,3.3,0.116
S18,Teknik Elektro,2,Kimia Organik,3,A,4.0,0.116
S18,Teknik Elektro,2,Fisika,3,B-,2.7,0.116
S18,Teknik Elektro,2,Kimia Dasar,3,B+,3.3,0.116
S18,Teknik Elektro,2,Statistika Inferensial,3,B,3.0,0.116
S18,Teknik Elektro,3,Bahasa Indonesia,2,B+,3.3,0.116
S18,Teknik Elektro,3,Agama,2,A,4.0,0.116
S18,Teknik Elektro,3,Kewirausahaan,2,A,4.0,0.116
S18,Teknik Elektro,3,Pengantar Matematika,2,A-,3.7,0.116
S18,Teknik Elektro,3,Skripsi,6,C,2.0,0.116
S18,Teknik Elektro,3,Pancasila,2,A,4.0,0.116
S18,Teknik Elektro,3,Matematika Diskrit,3,B-,2.7,0.116
S18,Teknik Elektro,4,Matematika Diskrit,3,B-,2.7,0.116
S18,Teknik Elektro,4,Agama,2,A-,3.7,0.116
S18,Teknik Elektro,4,Kewarganegaraan,2,B+,3.3,0.116
S18,Teknik Elektro,4,Fisika Dasar I,3,A,4.0,0.116
S18,Teknik Elektro,4,Statistika,3,C,2.0,0.116
S19,Manajemen,1,Kewarganegaraan,2,A,4.0,0.847
S19,Manajemen,1,Statistika Inferensial,3,B-,2.7,0.847
S19,Manajemen,1,Pancasila,2,A-,3.7,0.847
S19,Manajemen,1,Pengantar Ekonomi,3,B,3.0,0.847
S19,Manajemen,1,Kalkulus I,3,A,4.0,0.847
S19,Manajemen,2,Agama,2,A,4.0,0.847
S19,Manajemen,2,Metodologi Penelitian,2,B+,3.3,0.847
S19,Manajemen,2,Manajemen,3,A,4.0,0.847
S19,Manajemen,2,Kewirausahaan,2,A-,3.7,0.847
S19,Manajemen,2,Kerja Praktik,3,A,4.0,0.847
S19,Manajemen,3,Bahasa Indonesia,2,A,4.0,0.847
S19,Manajemen,3,Perilaku Organisasi,3,A,4.0,0.847
S19,Manajemen,3,Pancasila,2,B+,3.3,0.847
S19,Manajemen,3,Statistika,3,A,4.0,0.847
S19,Manajemen,3,Kewarganegaraan,2,A,4.0,0.847
S19,Manajemen,3,Bahasa Inggris,2,A-,3.7,0.847
S19,Manajemen,4,Bahasa Inggris,2,A-,3.7,0.847
S19,Manajemen,4,Kalkulus II,3,B,3.0,0.847
S19,Manajemen,4,Matematika Diskrit,3,A,4.0,0.847
S19,Manajemen,4,Akuntansi Keuangan,3,A,4.0,0.847
S19,Manajemen,4,Kewirausahaan,2,A,4.0,0.847
S19,Manajemen,4,Aljabar Linear,3,A,4.0,0.847
S19,Manajemen,5,Etika Profesi,2,B+,3.3,0.847
S19,Manajemen,5,Seminar,1,A,4.0,0.847
S19,Manajemen,5,Skripsi,6,A,4.0,0.847
S19,Manajemen,5,Pengantar Matematika,2,A-,3.7,0.847
S19,Manajemen,5,Pemasaran,3,A,4.0,0.847
S19,Manajemen,5,Kalkulus III,3,B,3.0,0.847
S20,Teknik Informatika,1,Grafika Komputer,3,A,4.0,0.472
S20,Teknik Informatika,1,Bahasa Inggris,2,A,4.0,0.472
S20,Teknik Informatika,1,Pemrograman Mobile,3,B+,3.3,0.472
S20,Teknik Informatika,1,Bahasa Indonesia,2,A-,3.7,0.472
S20,Teknik Informatika,1,Kimia Organik,3,A-,3.7,0.472
S20,Teknik Informatika,1,Kewarganegaraan,2,A,4.0,0.472
S20,Teknik Informatika,1,Fisika,3,C,2.0,0.472
S20,Teknik Informatika,2,Fisika,3,A,4.0,0.472
S20,Teknik Informatika,2,Basis Data,3,A,4.0,0.472
S20,Teknik Informatika,2,Pemrograman Berorientasi Objek,3,C,2.0,0.472
S20,Teknik Informatika,2,Agama,2,A-,3.7,0.472
S20,Teknik Informatika,2,Pengantar Matematika,2,B+,3.3,0.472
S20,Teknik Informatika,2,Jaringan Komputer,3,A,4.0,0.472
S20,Teknik Informatika,3,Kalkulus III,3,C+,2.3,0.472
S20,Teknik Informatika,3,Kalkulus II,3,B,3.0,0.472
S20,Teknik Informatika,3,Fisika Dasar II,3,B+,3.3,0.472
S20,Teknik Informatika,3,Kerja Praktik,3,A,4.0,0.472
S20,Teknik Informatika,3,Struktur Data,3,B,3.0,0.472
S20,Teknik Informatika,3,Statistika Inferensial,3,A-,3.7,0.472
S20,Teknik Informatika,4,Rekayasa Perangkat Lunak,3,B+,3.3,0.472
S20,Teknik Informatika,4,Agama,2,A,4.0,0.472
S20,Teknik Informatika,4,Kewarganegaraan,2,A,4.0,0.472
S20,Teknik Informatika,4,Bahasa Inggris,2,A-,3.7,0.472
S20,Teknik Informatika,4,Etika Profesi,2,A,4.0,0.472
S21,Hukum,1,Kewarganegaraan,2,A-,3.7,0.345
S21,Hukum,1,Hukum Pidana,3,B-,2.7,0.345
S21,Hukum,1,Bahasa Indonesia,2,A,4.0,0.345
S21,Hukum,1,Pancasila,2,A,4.0,0.345
S21,Hukum,1,Kewarganegaraan,2,A,4.0,0.345
S21,Hukum,1,Metodologi Penelitian,2,A,4.0,0.345
S21,Hukum,1,Etika Profesi,2,B+,3.3,0.345
S21,Hukum,2,Etika Profesi,2,A,4.0,0.345
S21,Hukum,2,Seminar,1,A-,3.7,0.345
S21,Hukum,2,Pancasila,2,A,4.0,0.345
S21,Hukum,2,Kewirausahaan,2,A-,3.7,0.345
S21,Hukum,2,Hukum Perdata,3,A,4.0,0.345
S21,Hukum,3,Kerja Praktik,3,A-,3.7,0.345
S21,Hukum,3,Skripsi,6,A,4.0,0.345
S21,Hukum,3,Bahasa Inggris,2,B+,3.3,0.345
S21,Hukum,3,Bahasa Inggris,2,A-,3.7,0.345
S21,Hukum,3,Kewirausahaan,2,A,4.0,0.345
S21,Hukum,4,Agama,2,A,4.0,0.345
S21,Hukum,4,Bahasa Indonesia,2,A,4.0,0.345
S22,Ilmu Komunikasi,1,Agama,2,B+,3.3,0.474
S22,Ilmu Komunikasi,1,Kewirausahaan,2,A,4.0,0.474
S22,Ilmu Komunikasi,1,Kewirausahaan,2,A,4.0,0.474
S22,Ilmu Komunikasi,1,Pemasaran,3,A-,3.7,0.474
S22,Ilmu Komunikasi,1,Pancasila,2,A,4.0,0.474
S22,Ilmu Komunikasi,1,Etika Profesi,2,A,4.0,0.474
S22,Ilmu Komunikasi,2,Bahasa Indonesia,2,A,4.0,0.474
S22,Ilmu Komunikasi,2,Skripsi,6,A,4.0,0.474
S22,Ilmu Komunikasi,2,Bahasa Inggris,2,A,4.0,0.474
S22,Ilmu Komunikasi,2,Komunikasi Organisasi,3,B,3.0,0.474
S22,Ilmu Komunikasi,2,Metodologi Penelitian,2,A,4.0,0.474
S23,Manajemen,1,Statistika Inferensial,3,B+,3.3,0.432
S23,Manajemen,1,Kewarganegaraan,2,A-,3.7,0.432
S23,Manajemen,1,Pengantar Ekonomi,3,B+,3.3,0.432
S23,Manajemen,1,Bahasa Inggris,2,B+,3.3,0.432
S23,Manajemen,1,Kalkulus III,3,B+,3.3,0.432
S23,Manajemen,1,Seminar,1,A-,3.7,0.432
S23,Manajemen,2,Aljabar Linear,3,B+,3.3,0.432
S23,Manajemen,2,Kalkulus II,3,C,2.0,0.432
S23,Manajemen,2,Pancasila,2,B+,3.3,0.432
S23,Manajemen,2,Kerja Praktik,3,B,3.0,0.432
S23,Manajemen,2,Kalkulus I,3,B-,2.7,0.432
S23,Manajemen,3,Agama,2,A,4.0,0.432
S23,Manajemen,3,Etika Profesi,2,B+,3.3,0.432
S23,Manajemen,3,Pemasaran,3,A-,3.7,0.432
S23,Manajemen,3,Agama,2,A,4.0,0.432
S23,Manajemen,3,Bahasa Indonesia,2,B+,3.3,0.432
S23,Manajemen,3,Skripsi,6,B,3.0,0.432
S23,Manajemen,3,Kewirausahaan,2,A-,3.7,0.432
S24,Biologi,1,Aljabar Linear,3,C+,2.3,0.258
S24,Biologi,1,Matematika Diskrit,3,C+,2.3,0.258
S24,Biologi,1,Bahasa Inggris,2,A-,3.7,0.258
S24,Biologi,1,Bahasa Inggris,2,B,3.0,0.258
S24,Biologi,1,Bahasa Indonesia,2,A,4.0,0.258
S24,Biologi,1,Kalkulus I,3,B-,2.7,0.258
S24,Biologi,1,Agama,2,A,4.0,0.258
S24,Biologi,2,Agama,2,B+,3.3,0.258
S24,Biologi,2,Kalkulus III,3,B+,3.3,0.258
S24,Biologi,2,Statistika,3,A-,3.7,0.258
S24,Biologi,2,Agama,2,B+,3.3,0.258
S24,Biologi,2,Mikrobiologi,3,B-,2.7,0.258
S24,Biologi,2,Metodologi Penelitian,2,A-,3.7,0.258
S24,Biologi,3,Kerja Praktik,3,B+,3.3,0.258
S24,Biologi,3,Seminar,1,A,4.0,0.258
S24,Biologi,3,Kalkulus II,3,C+,2.3,0.258
S24,Biologi,3,Pancasila,2,A,4.0,0.258
S24,Biologi,3,Kewirausahaan,2,A-,3.7,0.258
S24,Biologi,3,Kewarganegaraan,2,A,4.0,0.258
S25,Teknik Informatika,1,Kalkulus II,3,B,3.0,0.539
S25,Teknik Informatika,1,Pengantar Matematika,2,A,4.0,0.539
S25,Teknik Informatika,1,Seminar,1,B+,3.3,0.539
S25,Teknik Informatika,1,Kewirausahaan,2,B+,3.3,0.539
S25,Teknik Informatika,1,Pembelajaran Mesin,3,C+,2.3,0.539
S25,Teknik Informatika,2,Etika Profesi,2,A-,3.7,0.539
S25,Teknik Informatika,2,Kewarganegaraan,2,A,4.0,0.539
S25,Teknik Informatika,2,Kimia Organik,3,C+,2.3,0.539
S25,Teknik Informatika,2,Fisika Dasar I,3,A,4.0,0.539
S25,Teknik Informatika,2,Bahasa Indonesia,2,A-,3.7,0.539
S25,Teknik Informatika,2,Kimia Dasar,3,A,4.0,0.539
S25,Teknik Informatika,3,Sistem Operasi,3,A-,3.7,0.539
S25,Teknik Informatika,3,Kewirausahaan,2,A-,3.7,0.539
S25,Teknik Informatika,3,Pemrograman Web,3,A,4.0,0.539
S25,Teknik Informatika,3,Struktur Data,3,B,3.0,0.539
S25,Teknik Informatika,3,Fisika,3,A-,3.7,0.539
S25,Teknik Informatika,3,Agama,2,A,4.0,0.539
S25,Teknik Informatika,4,Kerja Praktik,3,A-,3.7,0.539
S25,Teknik Informatika,4,Pancasila,2,A-,3.7,0.539
S25,Teknik Informatika,4,Kewarganegaraan,2,A-,3.7,0.539
S25,Teknik Informatika,4,Statistika,3,A-,3.7,0.539
S25,Teknik Informatika,4,Pemrograman Berorientasi Objek,3,A-,3.7,0.539
S25,Teknik Informatika,5,Skripsi,6,A,4.0,0.539
S25,Teknik Informatika,5,Algoritma dan Pemrograman,4,B-,2.7,0.539
S25,Teknik Informatika,5,Rekayasa Perangkat Lunak,3,A,4.0,0.539
S25,Teknik Informatika,5,Kecerdasan Buatan,3,A-,3.7,0.539
S25,Teknik Informatika,5,Agama,2,A,4.0,0.539
S26,Ilmu Komunikasi,1,Bahasa Inggris,2,A,4.0,0.238
S26,Ilmu Komunikasi,1,Etika Profesi,2,B,3.0,0.238
S26,Ilmu Komunikasi,1,Pancasila,2,A,4.0,0.238
S26,Ilmu Komunikasi,1,Kewarganegaraan,2,A,4.0,0.238
S26,Ilmu Komunikasi,1,Komunikasi Organisasi,3,A,4.0,0.238
S26,Ilmu Komunikasi,2,Perilaku Organisasi,3,B+,3.3,0.238
S26,Ilmu Komunikasi,2,Bahasa Indonesia,2,B+,3.3,0.238
S26,Ilmu Komunikasi,2,Bahasa Indonesia,2,A-,3.7,0.238
S26,Ilmu Komunikasi,2,Kewirausahaan,2,B-,2.7,0.238
S26,Ilmu Komunikasi,2,Agama,2,A-,3.7,0.238
S26,Ilmu Komunikasi,2,Pancasila,2,A,4.0,0.238
S26,Ilmu Komunikasi,3,Seminar,1,A-,3.7,0.238
S26,Ilmu Komunikasi,3,Bahasa Inggris,2,B+,3.3,0.238
S26,Ilmu Komunikasi,3,Skripsi,6,B+,3.3,0.238
S26,Ilmu Komunikasi,3,Kewirausahaan,2,A,4.0,0.238
S26,Ilmu Komunikasi,3,Kerja Praktik,3,A,4.0,0.238
S26,Ilmu Komunikasi,4,Metodologi Penelitian,2,B-,2.7,0.238
S26,Ilmu Komunikasi,4,Komunikasi Massa,3,A,4.0,0.238
S26,Ilmu Komunikasi,4,Kewarganegaraan,2,A,4.0,0.238
S26,Ilmu Komunikasi,4,Pemasaran,3,B-,2.7,0.238
S27,Kedokteran,1,Kimia Dasar,3,A,4.0,0.661
S27,Kedokteran,1,Genetika,3,A-,3.7,0.661
S27,Kedokteran,1,Kewarganegaraan,2,A-,3.7,0.661
S27,Kedokteran,1,Metodologi Penelitian,2,A,4.0,0.661
S27,Kedokteran,1,Farmakologi,4,B,3.0,0.661
S27,Kedokteran,1,Pancasila,2,A,4.0,0.661
S27,Kedokteran,2,Pancasila,2,A-,3.7,0.661
S27,Kedokteran,2,Agama,2,B,3.0,0.661
S27,Kedokteran,2,Seminar,1,A,4.0,0.661
S27,Kedokteran,2,Bahasa Indonesia,2,A,4.0,0.661
S27,Kedokteran,2,Bahasa Indonesia,2,A,4.0,0.661
S27,Kedokteran,2,Biokimia,3,C+,2.3,0.661
S27,Kedokteran,3,Kerja Praktik,3,A,4.0,0.661
S27,Kedokteran,3,Anatomi,4,C+,2.3,0.661
S27,Kedokteran,3,Kewarganegaraan,2,A,4.0,0.661
S27,Kedokteran,3,Etika Profesi,2,A-,3.7,0.661
S27,Kedokteran,3,Agama,2,A,4.0,0.661
S27,Kedokteran,3,Kewirausahaan,2,A-,3.7,0.661
S27,Kedokteran,3,Bahasa Inggris,2,A,4.0,0.661
S28,Kedokteran,1,Bahasa Inggris,2,A,4.0,0.415
S28,Kedokteran,1,Agama,2,A,4.0,0.415
S28,Kedokteran,1,Kimia Organik,3,C+,2.3,0.415
S28,Kedokteran,1,Anatomi,4,A-,3.7,0.415
S28,Kedokteran,1,Skripsi,6,A,4.0,0.415
S28,Kedokteran,1,Bahasa Indonesia,2,A-,3.7,0.415
S28,Kedokteran,1,Pancasila,2,A-,3.7,0.415
S28,Kedokteran,2,Pancasila,2,A,4.0,0.415
S28,Kedokteran,2,Kerja Praktik,3,A,4.0,0.415
S28,Kedokteran,2,Farmakologi,4,B,3.0,0.415
S28,Kedokteran,2,Fisiologi,4,B,3.0,0.415
S28,Kedokteran,2,Agama,2,A-,3.7,0.415
S28,Kedokteran,2,Bahasa Indonesia,2,A-,3.7,0.415
S28,Kedokteran,3,Metodologi Penelitian,2,B+,3.3,0.415
S28,Kedokteran,3,Genetika,3,B,3.0,0.415
S28,Kedokteran,3,Mikrobiologi,3,A-,3.7,0.415
S28,Kedokteran,3,Pancasila,2,A,4.0,0.415
S28,Kedokteran,3,Kewirausahaan,2,A-,3.7,0.415
S28,Kedokteran,4,Kewarganegaraan,2,A,4.0,0.415
S28,Kedokteran,4,Kewarganegaraan,2,A-,3.7,0.415
S28,Kedokteran,4,Kewirausahaan,2,C+,2.3,0.415
S28,Kedokteran,4,Kimia Dasar,3,B,3.0,0.415
S28,Kedokteran,4,Etika Profesi,2,A-,3.7,0.415
S28,Kedokteran,5,Bahasa Inggris,2,A,4.0,0.415
S29,Hukum,1,Agama,2,B+,3.3,0.746
S29,Hukum,1,Etika Profesi,2,A,4.0,0.746
S29,Hukum,1,Pengantar Ilmu Hukum,3,B+,3.3,0.746
S29,Hukum,1,Kewirausahaan,2,A-,3.7,0.746
S29,Hukum,1,Bahasa Inggris,2,A,4.0,0.746
S29,Hukum,2,Bahasa Inggris,2,B+,3.3,0.746
S29,Hukum,2,Skripsi,6,B+,3.3,0.746
S29,Hukum,2,Bahasa Indonesia,2,A,4.0,0.746
S29,Hukum,2,Kewarganegaraan,2,A-,3.7,0.746
S29,Hukum,2,Kewirausahaan,2,A,4.0,0.746
S29,Hukum,3,Kewarganegaraan,2,A,4.0,0.746
S29,Hukum,3,Agama,2,A,4.0,0.746
S29,Hukum,3,Hukum Perdata,3,B+,3.3,0.746
S29,Hukum,3,Hukum Pidana,3,A,4.0,0.746
S29,Hukum,3,Pancasila,2,A,4.0,0.746
S29,Hukum,4,Bahasa Indonesia,2,A,4.0,0.746
S29,Hukum,4,Seminar,1,A,4.0,0.746
S30,Kedokteran,1,Bahasa Indonesia,2,A-,3.7,0.702
S30,Kedokteran,1,Fisiologi,4,B+,3.3,0.702
S30,Kedokteran,1,Agama,2,A,4.0,0.702
S30,Kedokteran,1,Bahasa Inggris,2,A-,3.7,0.702
S30,Kedokteran,1,Farmakologi,4,A,4.0,0.702
S30,Kedokteran,1,Kewarganegaraan,2,A,4.0,0.702
S30,Kedokteran,2,Pancasila,2,A,4.0,0.702
S30,Kedokteran,2,Kimia Dasar,3,A,4.0,0.702
S30,Kedokteran,2,Agama,2,B+,3.3,0.702
S30,Kedokteran,2,Metodologi Penelitian,2,A,4.0,0.702
S30,Kedokteran,2,Kimia Organik,3,B+,3.3,0.702
S30,Kedokteran,2,Anatomi,4,A-,3.7,0.702
S30,Kedokteran,2,Bahasa Inggris,2,B,3.0,0.702
S30,Kedokteran,3,Bahasa Inggris,2,A-,3.7,0.702
S30,Kedokteran,3,Kerja Praktik,3,B+,3.3,0.702
S30,Kedokteran,3,Biokimia,3,C,2.0,0.702
S30,Kedokteran,3,Mikrobiologi,3,B-,2.7,0.702
S30,Kedokteran,3,Seminar,1,B+,3.3,0.702
S30,Kedokteran,3,Kewirausahaan,2,A,4.0,0.702
S30,Kedokteran,3,Kewarganegaraan,2,A,4.0,0.702
S30,Kedokteran,4,Kewarganegaraan,2,A-,3.7,0.702
S30,Kedokteran,4,Kewirausahaan,2,A,4.0,0.702
S30,Kedokteran,4,Genetika,3,A,4.0,0.702
S30,Kedokteran,4,Bahasa Indonesia,2,A-,3.7,0.702
S30,Kedokteran,4,Etika Profesi,2,A,4.0,0.702
S30,Kedokteran,4,Pancasila,2,A,4.0,0.702
S30,Kedokteran,4,Skripsi,6,B,3.0,0.702
S30,Kedokteran,5,Skripsi,6,A,4.0,0.702
S31,Teknik Informatika,1,Kecerdasan Buatan,3,A-,3.7,0.521
S31,Teknik Informatika,1,Agama,2,A,4.0,0.521
S31,Teknik Informatika,1,Matematika Diskrit,3,C+,2.3,0.521
S31,Teknik Informatika,1,Statistika Inferensial,3,C+,2.3,0.521
S31,Teknik Informatika,1,Kalkulus II,3,B-,2.7,0.521
S31,Teknik Informatika,1,Pembelajaran Mesin,3,A,4.0,0.521
S31,Teknik Informatika,2,Etika Profesi,2,A,4.0,0.521
S31,Teknik Informatika,2,Kalkulus I,3,B+,3.3,0.521
S31,Teknik Informatika,2,Kewirausahaan,2,A-,3.7,0.521
S31,Teknik Informatika,2,Kalkulus III,3,B+,3.3,0.521
S31,Teknik Informatika,2,Pancasila,2,A-,3.7,0.521
S31,Teknik Informatika,2,Jaringan Komputer,3,C+,2.3,0.521
S31,Teknik Informatika,2,Kewarganegaraan,2,A-,3.7,0.521
S31,Teknik Informatika,3,Kewarganegaraan,2,A,4.0,0.521
S31,Teknik Informatika,3,Kewarganegaraan,2,A,4.0,0.521
S31,Teknik Informatika,3,Rekayasa Perangkat Lunak,3,B+,3.3,0.521
S31,Teknik Informatika,3,Aljabar Linear,3,B-,2.7,0.521
S31,Teknik Informatika,3,Basis Data,3,B,3.0,0.521
S31,Teknik Informatika,3,Skripsi,6,B,3.0,0.521
S31,Teknik Informatika,3,Pancasila,2,A-,3.7,0.521
S31,Teknik Informatika,4,Pancasila,2,A,4.0,0.521
S31,Teknik Informatika,4,Bahasa Inggris,2,A-,3.7,0.521
S31,Teknik Informatika,4,Bahasa Indonesia,2,A,4.0,0.521
S31,Teknik Informatika,4,Pengantar Matematika,2,A,4.0,0.521
S31,Teknik Informatika,4,Pemrograman Mobile,3,B,3.0,0.521
S31,Teknik Informatika,4,Pemrograman Web,3,B+,3.3,0.521
S31,Teknik Informatika,4,Metodologi Penelitian,2,A,4.0,0.521
S31,Teknik Informatika,5,Metodologi Penelitian,2,A-,3.7,0.521
S31,Teknik Informatika,5,Fisika,3,A,4.0,0.521
S31,Teknik Informatika,5,Kimia Dasar,3,A,4.0,0.521
S31,Teknik Informatika,5,Struktur Data,3,B,3.0,0.521
S31,Teknik Informatika,5,Pemrograman Berorientasi Objek,3,A,4.0,0.521
S31,Teknik Informatika,5,Seminar,1,A,4.0,0.521
S31,Teknik Informatika,5,Statistika,3,C+,2.3,0.521
S31,Teknik Informatika,6,Statistika,3,B-,2.7,0.521
S31,Teknik Informatika,6,Kerja Praktik,3,B+,3.3,0.521
S31,Teknik Informatika,6,Kewirausahaan,2,A,4.0,0.521
S31,Teknik Informatika,6,Sistem Operasi,3,A-,3.7,0.521
S31,Teknik Informatika,6,Fisika Dasar I,3,B,3.0,0.521
S31,Teknik Informatika,6,Grafika Komputer,3,A-,3.7,0.521
S32,Biologi,1,Kewarganegaraan,2,A-,3.7,0.658
S32,Biologi,1,Skripsi,6,B+,3.3,0.658
S32,Biologi,1,Matematika Diskrit,3,B,3.0,0.658
S32,Biologi,1,Kalkulus I,3,B-,2.7,0.658
S32,Biologi,1,Kerja Praktik,3,B+,3.3,0.658
S32,Biologi,1,Seminar,1,A-,3.7,0.658
S32,Biologi,2,Bahasa Indonesia,2,B+,3.3,0.658
S32,Biologi,2,Kalkulus III,3,B-,2.7,0.658
S32,Biologi,2,Pengantar Matematika,2,A,4.0,0.658
S32,Biologi,2,Bahasa Indonesia,2,A,4.0,0.658
S32,Biologi,2,Kewirausahaan,2,A,4.0,0.658
S33,Hukum,1,Bahasa Inggris,2,B+,3.3,0.34
S33,Hukum,1,Metodologi Penelitian,2,B-,2.7,0.34
S33,Hukum,1,Agama,2,A,4.0,0.34
S33,Hukum,1,Etika Profesi,2,A-,3.7,0.34
S33,Hukum,1,Bahasa Indonesia,2,A,4.0,0.34
S33,Hukum,1,Agama,2,A,4.0,0.34
S33,Hukum,1,Seminar,1,A,4.0,0.34
S33,Hukum,2,Seminar,1,A-,3.7,0.34
S33,Hukum,2,Pengantar Ilmu Hukum,3,B+,3.3,0.34
S33,Hukum,2,Skripsi,6,B+,3.3,0.34
S33,Hukum,2,Hukum Perdata,3,A-,3.7,0.34
S33,Hukum,2,Bahasa Inggris,2,A-,3.7,0.34
S33,Hukum,3,Pancasila,2,A-,3.7,0.34
S33,Hukum,3,Kerja Praktik,3,A,4.0,0.34
S33,Hukum,3,Kewarganegaraan,2,A,4.0,0.34
S33,Hukum,3,Kewirausahaan,2,B+,3.3,0.34
S33,Hukum,3,Kewirausahaan,2,A,4.0,0.34
S33,Hukum,3,Pancasila,2,A,4.0,0.34
S33,Hukum,3,Hukum Pidana,3,A,4.0,0.34
S33,Hukum,4,Hukum Pidana,3,B+,3.3,0.34
S33,Hukum,4,Kewarganegaraan,2,A,4.0,0.34
S34,Teknik Informatika,1,Seminar,1,A,4.0,0.565
S34,Teknik Informatika,1,Matematika Diskrit,3,A-,3.7,0.565
S34,Teknik Informatika,1,Etika Profesi,2,A,4.0,0.565
S34,Teknik Informatika,1,Kimia Dasar,3,B-,2.7,0.565
S34,Teknik Informatika,1,Kerja Praktik,3,A,4.0,0.565
S34,Teknik Informatika,1,Jaringan Komputer,3,A-,3.7,0.565
S34,Teknik Informatika,2,Pengantar Matematika,2,A,4.0,0.565
S34,Teknik Informatika,2,Aljabar Linear,3,B,3.0,0.565
S34,Teknik Informatika,2,Statistika Inferensial,3,B-,2.7,0.565
S34,Teknik Informatika,2,Fisika,3,A,4.0,0.565
S34,Teknik Informatika,2,Kalkulus II,3,B-,2.7,0.565
S34,Teknik Informatika,2,Statistika,3,B,3.0,0.565
S34,Teknik Informatika,3,Fisika Dasar II,3,C+,2.3,0.565
S34,Teknik Informatika,3,Grafika Komputer,3,B,3.0,0.565
S34,Teknik Informatika,3,Pemrograman Mobile,3,B,3.0,0.565
S34,Teknik Informatika,3,Bahasa Indonesia,2,A,4.0,0.565
S34,Teknik Informatika,3,Agama,2,A,4.0,0.565
S34,Teknik Informatika,3,Kalkulus I,3,B,3.0,0.565
S34,Teknik Informatika,3,Pemrograman Berorientasi Objek,3,B-,2.7,0.565
S35,Sistem Informasi,1,Seminar,1,A,4.0,0.525
S35,Sistem Informasi,1,Kewirausahaan,2,A,4.0,0.525
S35,Sistem Informasi,1,Pancasila,2,A,4.0,0.525
S35,Sistem Informasi,1,Metodologi Penelitian,2,A,4.0,0.525
S35,Sistem Informasi,1,Jaringan Komputer,3,A,4.0,0.525
S35,Sistem Informasi,1,Pembelajaran Mesin,3,B+,3.3,0.525
S35,Sistem Informasi,2,Etika Profesi,2,A,4.0,0.525
S35,Sistem Informasi,2,Kalkulus II,3,A,4.0,0.525
S35,Sistem Informasi,2,Aljabar Linear,3,A-,3.7,0.525
S35,Sistem Informasi,2,Pengantar Matematika,2,A,4.0,0.525
S35,Sistem Informasi,2,Struktur Data,3,B-,2.7,0.525
S35,Sistem Informasi,2,Pemrograman Web,3,A,4.0,0.525
S35,Sistem Informasi,2,Fisika,3,A-,3.7,0.525
S35,Sistem Informasi,3,Fisika,3,A,4.0,0.525
S35,Sistem Informasi,3,Agama,2,B+,3.3,0.525
S35,Sistem Informasi,3,Pemrograman Berorientasi Objek,3,C+,2.3,0.525
S35,Sistem Informasi,3,Skripsi,6,A-,3.7,0.525
S35,Sistem Informasi,3,Basis Data,3,A,4.0,0.525
S36,Teknik Mesin,1,Pengantar Matematika,2,A,4.0,0.974
S36,Teknik Mesin,1,Kewarganegaraan,2,A,4.0,0.974
S36,Teknik Mesin,1,Kimia Dasar,3,B,3.0,0.974
S36,Teknik Mesin,1,Fisika,3,B+,3.3,0.974
S36,Teknik Mesin,1,Kalkulus I,3,A,4.0,0.974
S36,Teknik Mesin,1,Bahasa Indonesia,2,A,4.0,0.974
S36,Teknik Mesin,1,Kewarganegaraan,2,B-,2.7,0.974
S36,Teknik Mesin,2,Kewarganegaraan,2,A,4.0,0.974
S36,Teknik Mesin,2,Statistika Inferensial,3,A,4.0,0.974
S36,Teknik Mesin,2,Statistika,3,A,4.0,0.974
S36,Teknik Mesin,2,Seminar,1,A,4.0,0.974
S36,Teknik Mesin,2,Agama,2,A,4.0,0.974
S36,Teknik Mesin,2,Aljabar Linear,3,A-,3.7,0.974
S36,Teknik Mesin,3,Pancasila,2,A,4.0,0.974
S36,Teknik Mesin,3,Kalkulus II,3,B,3.0,0.974
S36,Teknik Mesin,3,Kewirausahaan,2,A,4.0,0.974
S36,Teknik Mesin,3,Agama,2,A,4.0,0.974
S36,Teknik Mesin,3,Fisika Dasar I,3,A,4.0,0.974
S36,Teknik Mesin,4,Metodologi Penelitian,2,A,4.0,0.974
S36,Teknik Mesin,4,Bahasa Inggris,2,A,4.0,0.974
S36,Teknik Mesin,4,Kalkulus III,3,A,4.0,0.974
S36,Teknik Mesin,4,Kewirausahaan,2,B,3.0,0.974
S36,Teknik Mesin,4,Skripsi,6,A,4.0,0.974
S36,Teknik Mesin,4,Pancasila,2,A,4.0,0.974
S36,Teknik Mesin,4,Bahasa Inggris,2,A,4.0,0.974
S36,Teknik Mesin,5,Bahasa Inggris,2,A-,3.7,0.974
S36,Teknik Mesin,5,Kerja Praktik,3,A,4.0,0.974
S36,Teknik Mesin,5,Etika Profesi,2,A,4.0,0.974
S36,Teknik Mesin,5,Fisika Dasar II,3,B-,2.7,0.974
S36,Teknik Mesin,5,Bahasa Indonesia,2,A,4.0,0.974
S36,Teknik Mesin,5,Kimia Organik,3,A,4.0,0.974
S37,Sistem Informasi,1,Algoritma dan Pemrograman,4,A-,3.7,0.611
S37,Sistem Informasi,1,Kalkulus III,3,A,4.0,0.611
S37,Sistem Informasi,1,Aljabar Linear,3,A,4.0,0.611
S37,Sistem Informasi,1,Kewirausahaan,2,A,4.0,0.611
S37,Sistem Informasi,1,Kecerdasan Buatan,3,B+,3.3,0.611
S37,Sistem Informasi,2,Struktur Data,3,A,4.0,0.611
S37,Sistem Informasi,2,Bahasa Inggris,2,A,4.0,0.611
S37,Sistem Informasi,2,Pancasila,2,A-,3.7,0.611
S37,Sistem Informasi,2,Kerja Praktik,3,A,4.0,0.611
S37,Sistem Informasi,2,Bahasa Indonesia,2,A-,3.7,0.611
S37,Sistem Informasi,2,Fisika,3,A-,3.7,0.611
S37,Sistem Informasi,2,Agama,2,A-,3.7,0.611
S37,Sistem Informasi,3,Agama,2,A,4.0,0.611
S37,Sistem Informasi,3,Bahasa Indonesia,2,A,4.0,0.611
S37,Sistem Informasi,3,Pemrograman Berorientasi Objek,3,A,4.0,0.611
S37,Sistem Informasi,3,Kewarganegaraan,2,A-,3.7,0.611
S37,Sistem Informasi,3,Fisika Dasar II,3,B-,2.7,0.611
S37,Sistem Informasi,3,Etika Profesi,2,A-,3.7,0.611
S37,Sistem Informasi,4,Jaringan Komputer,3,A,4.0,0.611
S37,Sistem Informasi,4,Pancasila,2,A-,3.7,0.611
S37,Sistem Informasi,4,Matematika Diskrit,3,B+,3.3,0.611
S37,Sistem Informasi,4,Pengantar Matematika,2,A,4.0,0.611
S37,Sistem Informasi,4,Pembelajaran Mesin,3,A,4.0,0.611
S37,Sistem Informasi,4,Agama,2,B+,3.3,0.611
S37,Sistem Informasi,5,Statistika Inferensial,3,B,3.0,0.611
S37,Sistem Informasi,5,Kewarganegaraan,2,A,4.0,0.611
S37,Sistem Informasi,5,Kimia Organik,3,B+,3.3,0.611
S37,Sistem Informasi,5,Metodologi Penelitian,2,B+,3.3,0.611
S37,Sistem Informasi,5,Seminar,1,A,4.0,0.611
S37,Sistem Informasi,5,Basis Data,3,A,4.0,0.611
S37,Sistem Informasi,5,Rekayasa Perangkat Lunak,3,A,4.0,0.611
S37,Sistem Informasi,6,Rekayasa Perangkat Lunak,3,A,4.0,0.611
S37,Sistem Informasi,6,Pemrograman Web,3,B+,3.3,0.611
S37,Sistem Informasi,6,Kewirausahaan,2,A-,3.7,0.611
S37,Sistem Informasi,6,Pemrograman Mobile,3,A,4.0,0.611
S37,Sistem Informasi,6,Sistem Operasi,3,A,4.0,0.611
S37,Sistem Informasi,7,Kalkulus I,3,A,4.0,0.611
S37,Sistem Informasi,7,Bahasa Inggris,2,A,4.0,0.611
S37,Sistem Informasi,7,Skripsi,6,A,4.0,0.611
S37,Sistem Informasi,7,Statistika,3,A,4.0,0.611
S37,Sistem Informasi,7,Fisika Dasar I,3,A,4.0,0.611
S37,Sistem Informasi,7,Grafika Komputer,3,A,4.0,0.611
S38,Akuntansi,1,Akuntansi Keuangan,3,B,3.0,0.624
S38,Akuntansi,1,Bahasa Indonesia,2,A-,3.7,0.624
S38,Akuntansi,1,Pemasaran,3,A,4.0,0.624
S38,Akuntansi,1,Seminar,1,A,4.0,0.624
S38,Akuntansi,1,Kalkulus I,3,A-,3.7,0.624
S38,Akuntansi,1,Bahasa Inggris,2,A,4.0,0.624
S38,Akuntansi,2,Statistika,3,B,3.0,0.624
S38,Akuntansi,2,Kerja Praktik,3,A,4.0,0.624
S38,Akuntansi,2,Bahasa Inggris,2,A,4.0,0.624
S38,Akuntansi,2,Aljabar Linear,3,A-,3.7,0.624
S38,Akuntansi,2,Perilaku Organisasi,3,A,4.0,0.624
S38,Akuntansi,2,Kalkulus III,3,B,3.0,0.624
S38,Akuntansi,2,Statistika Inferensial,3,B+,3.3,0.624
S38,Akuntansi,3,Statistika Inferensial,3,C+,2.3,0.624
S38,Akuntansi,3,Agama,2,A,4.0,0.624
S38,Akuntansi,3,Bahasa Indonesia,2,A,4.0,0.624
S38,Akuntansi,3,Kewarganegaraan,2,A,4.0,0.624
S38,Akuntansi,3,Kewirausahaan,2,B+,3.3,0.624
S39,Teknik Mesin,1,Pancasila,2,A,4.0,0.59
S39,Teknik Mesin,1,Kimia Organik,3,A,4.0,0.59
S39,Teknik Mesin,1,Statistika Inferensial,3,A,4.0,0.59
S39,Teknik Mesin,1,Fisika Dasar I,3,A,4.0,0.59
S39,Teknik Mesin,1,Matematika Diskrit,3,A,4.0,0.59
S39,Teknik Mesin,2,Etika Profesi,2,A-,3.7,0.59
S39,Teknik Mesin,2,Kewirausahaan,2,A,4.0,0.59
S39,Teknik Mesin,2,Kewirausahaan,2,A-,3.7,0.59
S39,Teknik Mesin,2,Kimia Dasar,3,A,4.0,0.59
S39,Teknik Mesin,2,Bahasa Indonesia,2,A,4.0,0.59
S39,Teknik Mesin,2,Pancasila,2,A,4.0,0.59
S39,Teknik Mesin,2,Aljabar Linear,3,B,3.0,0.59
S39,Teknik Mesin,3,Aljabar Linear,3,A,4.0,0.59
S39,Teknik Mesin,3,Bahasa Inggris,2,A,4.0,0.59
S39,Teknik Mesin,3,Kewarganegaraan,2,A,4.0,0.59
S39,Teknik Mesin,3,Fisika,3,A-,3.7,0.59
S39,Teknik Mesin,3,Seminar,1,A,4.0,0.59
S39,Teknik Mesin,3,Agama,2,A,4.0,0.59
S39,Teknik Mesin,3,Bahasa Indonesia,2,A,4.0,0.59
S39,Teknik Mesin,4,Bahasa Indonesia,2,A,4.0,0.59
S39,Teknik Mesin,4,Kalkulus I,3,B+,3.3,0.59
S39,Teknik Mesin,4,Kerja Praktik,3,A-,3.7,0.59
S39,Teknik Mesin,4,Metodologi Penelitian,2,A,4.0,0.59
S39,Teknik Mesin,4,Pengantar Matematika,2,A-,3.7,0.59
S39,Teknik Mesin,5,Kalkulus III,3,A-,3.7,0.59
S39,Teknik Mesin,5,Kalkulus II,3,B-,2.7,0.59
S39,Teknik Mesin,5,Agama,2,B+,3.3,0.59
S39,Teknik Mesin,5,Statistika,3,B+,3.3,0.59
S39,Teknik Mesin,5,Fisika Dasar II,3,A-,3.7,0.59
S40,Kedokteran,1,Skripsi,6,A-,3.7,0.486
S40,Kedokteran,1,Kewirausahaan,2,A,4.0,0.486
S40,Kedokteran,1,Agama,2,A-,3.7,0.486
S40,Kedokteran,1,Kewarganegaraan,2,A,4.0,0.486
S40,Kedokteran,1,Mikrobiologi,3,B,3.0,0.486
S40,Kedokteran,1,Anatomi,4,A,4.0,0.486
S40,Kedokteran,1,Agama,2,A,4.0,0.486
S40,Kedokteran,2,Agama,2,A,4.0,0.486
S40,Kedokteran,2,Bahasa Indonesia,2,A,4.0,0.486
S40,Kedokteran,2,Biokimia,3,C+,2.3,0.486
S40,Kedokteran,2,Genetika,3,A-,3.7,0.486
S40,Kedokteran,2,Bahasa Indonesia,2,A,4.0,0.486
S40,Kedokteran,3,Kewirausahaan,2,A-,3.7,0.486
S40,Kedokteran,3,Bahasa Inggris,2,B+,3.3,0.486
S40,Kedokteran,3,Farmakologi,4,A-,3.7,0.486
S40,Kedokteran,3,Pancasila,2,A,4.0,0.486
S40,Kedokteran,3,Bahasa Inggris,2,A-,3.7,0.486
S40,Kedokteran,3,Kewarganegaraan,2,A,4.0,0.486
S41,Ilmu Komunikasi,1,Kewirausahaan,2,B+,3.3,0.703
S41,Ilmu Komunikasi,1,Bahasa Inggris,2,A,4.0,0.703
S41,Ilmu Komunikasi,1,Agama,2,A,4.0,0.703
S41,Ilmu Komunikasi,1,Etika Profesi,2,A,4.0,0.703
S41,Ilmu Komunikasi,1,Pancasila,2,A,4.0,0.703
S41,Ilmu Komunikasi,1,Agama,2,A,4.0,0.703
S41,Ilmu Komunikasi,1,Metodologi Penelitian,2,B+,3.3,0.703
S41,Ilmu Komunikasi,2,Metodologi Penelitian,2,A,4.0,0.703
S41,Ilmu Komunikasi,2,Bahasa Indonesia,2,A,4.0,0.703
S41,Ilmu Komunikasi,2,Komunikasi Organisasi,3,A,4.0,0.703
S41,Ilmu Komunikasi,2,Kewarganegaraan,2,B,3.0,0.703
S41,Ilmu Komunikasi,2,Kerja Praktik,3,A-,3.7,0.703
S41,Ilmu Komunikasi,3,Bahasa Indonesia,2,A,4.0,0.703
S41,Ilmu Komunikasi,3,Manajemen,3,B+,3.3,0.703
S41,Ilmu Komunikasi,3,Kewirausahaan,2,A,4.0,0.703
S41,Ilmu Komunikasi,3,Bahasa Inggris,2,A,4.0,0.703
S41,Ilmu Komunikasi,3,Skripsi,6,B,3.0,0.703
S41,Ilmu Komunikasi,3,Seminar,1,A,4.0,0.703
S41,Ilmu Komunikasi,4,Perilaku Organisasi,3,A,4.0,0.703
S41,Ilmu Komunikasi,4,Pancasila,2,B+,3.3,0.703
S41,Ilmu Komunikasi,4,Kewarganegaraan,2,B+,3.3,0.703
S41,Ilmu Komunikasi,4,Pemasaran,3,B+,3.3,0.703
S42,Ilmu Komunikasi,1,Agama,2,A,4.0,0.477
S42,Ilmu Komunikasi,1,Kewirausahaan,2,A-,3.7,0.477
S42,Ilmu Komunikasi,1,Kewarganegaraan,2,A-,3.7,0.477
S42,Ilmu Komunikasi,1,Metodologi Penelitian,2,A,4.0,0.477
S42,Ilmu Komunikasi,1,Pancasila,2,A,4.0,0.477
S42,Ilmu Komunikasi,1,Bahasa Indonesia,2,A,4.0,0.477
S42,Ilmu Komunikasi,2,Perilaku Organisasi,3,A,4.0,0.477
S42,Ilmu Komunikasi,2,Skripsi,6,B-,2.7,0.477
S42,Ilmu Komunikasi,2,Pancasila,2,A,4.0,0.477
S42,Ilmu Komunikasi,2,Komunikasi Massa,3,A,4.0,0.477
S42,Ilmu Komunikasi,2,Agama,2,A,4.0,0.477
S42,Ilmu Komunikasi,3,Komunikasi Organisasi,3,B-,2.7,0.477
S42,Ilmu Komunikasi,3,Seminar,1,A,4.0,0.477
S42,Ilmu Komunikasi,3,Manajemen,3,A,4.0,0.477
S42,Ilmu Komunikasi,3,Bahasa Inggris,2,A-,3.7,0.477
S42,Ilmu Komunikasi,3,Etika Profesi,2,A,4.0,0.477
S43,Manajemen,1,Bahasa Indonesia,2,A,4.0,0.347
S43,Manajemen,1,Seminar,1,A,4.0,0.347
S43,Manajemen,1,Pengantar Matematika,2,A-,3.7,0.347
S43,Manajemen,1,Etika Profesi,2,A,4.0,0.347
S43,Manajemen,1,Bahasa Indonesia,2,A-,3.7,0.347
S43,Manajemen,1,Metodologi Penelitian,2,B+,3.3,0.347
S43,Manajemen,1,Skripsi,6,B,3.0,0.347
S43,Manajemen,2,Skripsi,6,C,2.0,0.347
S43,Manajemen,2,Kewirausahaan,2,A,4.0,0.347
S43,Manajemen,2,Matematika Diskrit,3,B,3.0,0.347
S43,Manajemen,2,Kewarganegaraan,2,A-,3.7,0.347
S43,Manajemen,2,Bahasa Inggris,2,A,4.0,0.347
S43,Manajemen,2,Kewarganegaraan,2,A,4.0,0.347
S43,Manajemen,2,Akuntansi Keuangan,3,B+,3.3,0.347
S43,Manajemen,3,Akuntansi Keuangan,3,B+,3.3,0.347
S43,Manajemen,3,Aljabar Linear,3,C+,2.3,0.347
S43,Manajemen,3,Pancasila,2,A,4.0,0.347
S43,Manajemen,3,Statistika Inferensial,3,B+,3.3,0.347
S43,Manajemen,3,Pancasila,2,A-,3.7,0.347
S43,Manajemen,3,Kalkulus II,3,A,4.0,0.347
S43,Manajemen,3,Perilaku Organisasi,3,B+,3.3,0.347
S43,Manajemen,4,Perilaku Organisasi,3,A-,3.7,0.347
S43,Manajemen,4,Kalkulus I,3,A,4.0,0.347
S43,Manajemen,4,Manajemen,3,B+,3.3,0.347
S43,Manajemen,4,Kalkulus III,3,B-,2.7,0.347
S43,Manajemen,4,Kerja Praktik,3,B+,3.3,0.347
S43,Manajemen,4,Pengantar Ekonomi,3,B+,3.3,0.347
S43,Manajemen,5,Statistika,3,A-,3.7,0.347
S43,Manajemen,5,Agama,2,A,4.0,0.347
S43,Manajemen,5,Pemasaran,3,A,4.0,0.347
S43,Manajemen,5,Bahasa Inggris,2,A,4.0,0.347
S43,Manajemen,5,Kewirausahaan,2,A,4.0,0.347
S43,Manajemen,5,Agama,2,A-,3.7,0.347
S44,Teknik Mesin,1,Pengantar Matematika,2,A,4.0,0.541
S44,Teknik Mesin,1,Bahasa Inggris,2,A,4.0,0.541
S44,Teknik Mesin,1,Seminar,1,A,4.0,0.541
S44,Teknik Mesin,1,Skripsi,6,A,4.0,0.541
S44,Teknik Mesin,1,Statistika,3,A,4.0,0.541
S44,Teknik Mesin,1,Kewirausahaan,2,A,4.0,0.541
S44,Teknik Mesin,1,Kimia Organik,3,B-,2.7,0.541
S44,Teknik Mesin,2,Kimia Organik,3,B+,3.3,0.541
S44,Teknik Mesin,2,Kalkulus I,3,C+,2.3,0.541
S44,Teknik Mesin,2,Agama,2,A-,3.7,0.541
S44,Teknik Mesin,2,Matematika Diskrit,3,B+,3.3,0.541
S44,Teknik Mesin,2,Kerja Praktik,3,A,4.0,0.541
S44,Teknik Mesin,3,Bahasa Indonesia,2,A,4.0,0.541
S44,Teknik Mesin,3,Metodologi Penelitian,2,B+,3.3,0.541
S44,Teknik Mesin,3,Bahasa Inggris,2,A,4.0,0.541
S44,Teknik Mesin,3,Statistika Inferensial,3,B+,3.3,0.541
S44,Teknik Mesin,3,Etika Profesi,2,A,4.0,0.541
S44,Teknik Mesin,3,Kalkulus III,3,C-,1.7,0.541
S44,Teknik Mesin,4,Pancasila,2,A,4.0,0.541
S44,Teknik Mesin,4,Kalkulus II,3,B,3.0,0.541
S44,Teknik Mesin,4,Agama,2,A-,3.7,0.541
S44,Teknik Mesin,4,Aljabar Linear,3,A,4.0,0.541
S44,Teknik Mesin,4,Kewarganegaraan,2,A,4.0,0.541
S44,Teknik Mesin,4,Fisika Dasar II,3,B+,3.3,0.541
S45,Teknik Mesin,1,Seminar,1,A,4.0,0.835
S45,Teknik Mesin,1,Kalkulus III,3,A-,3.7,0.835
S45,Teknik Mesin,1,Agama,2,A,4.0,0.835
S45,Teknik Mesin,1,Agama,2,A,4.0,0.835
S45,Teknik Mesin,1,Kewarganegaraan,2,A-,3.7,0.835
S45,Teknik Mesin,1,Bahasa Inggris,2,A-,3.7,0.835
S45,Teknik Mesin,2,Metodologi Penelitian,2,A-,3.7,0.835
S45,Teknik Mesin,2,Etika Profesi,2,A,4.0,0.835
S45,Teknik Mesin,2,Pancasila,2,A-,3.7,0.835
S45,Teknik Mesin,2,Kerja Praktik,3,A,4.0,0.835
S45,Teknik Mesin,2,Fisika Dasar II,3,B+,3.3,0.835
S45,Teknik Mesin,3,Pancasila,2,A,4.0,0.835
S45,Teknik Mesin,3,Fisika,3,A,4.0,0.835
S45,Teknik Mesin,3,Kewarganegaraan,2,A,4.0,0.835
S45,Teknik Mesin,3,Kewirausahaan,2,B,3.0,0.835
S45,Teknik Mesin,3,Kalkulus II,3,A-,3.7,0.835
S45,Teknik Mesin,3,Kimia Dasar,3,A,4.0,0.835
S45,Teknik Mesin,4,Aljabar Linear,3,A,4.0,0.835
S45,Teknik Mesin,4,Statistika,3,A,4.0,0.835
S45,Teknik Mesin,4,Bahasa Indonesia,2,A-,3.7,0.835
S45,Teknik Mesin,4,Kewirausahaan,2,A,4.0,0.835
S45,Teknik Mesin,4,Bahasa Inggris,2,A,4.0,0.835
S45,Teknik Mesin,5,Matematika Diskrit,3,A-,3.7,0.835
S45,Teknik Mesin,5,Skripsi,6,B+,3.3,0.835
S45,Teknik Mesin,5,Bahasa Indonesia,2,A,4.0,0.835
S45,Teknik Mesin,5,Pengantar Matematika,2,A,4.0,0.835
S45,Teknik Mesin,5,Kalkulus I,3,B,3.0,0.835
S46,Manajemen,1,Manajemen,3,A,4.0,0.632
S46,Manajemen,1,Metodologi Penelitian,2,A,4.0,0.632
S46,Manajemen,1,Kewarganegaraan,2,A-,3.7,0.632
S46,Manajemen,1,Bahasa Inggris,2,A,4.0,0.632
S46,Manajemen,1,Pengantar Matematika,2,A,4.0,0.632
S46,Manajemen,1,Kewirausahaan,2,A,4.0,0.632
S46,Manajemen,2,Matematika Diskrit,3,A-,3.7,0.632
S46,Manajemen,2,Statistika Inferensial,3,A-,3.7,0.632
S46,Manajemen,2,Etika Profesi,2,A,4.0,0.632
S46,Manajemen,2,Bahasa Indonesia,2,A-,3.7,0.632
S46,Manajemen,2,Kalkulus I,3,B,3.0,0.632
S46,Manajemen,2,Kewirausahaan,2,A-,3.7,0.632
S46,Manajemen,2,Agama,2,A-,3.7,0.632
S46,Manajemen,3,Agama,2,A-,3.7,0.632
S46,Manajemen,3,Bahasa Indonesia,2,A,4.0,0.632
S46,Manajemen,3,Kalkulus II,3,A-,3.7,0.632
S46,Manajemen,3,Pancasila,2,A,4.0,0.632
S46,Manajemen,3,Pancasila,2,A,4.0,0.632
S46,Manajemen,4,Seminar,1,A-,3.7,0.632
S46,Manajemen,4,Pengantar Ekonomi,3,B,3.0,0.632
S46,Manajemen,4,Kewarganegaraan,2,A-,3.7,0.632
S46,Manajemen,4,Kerja Praktik,3,A,4.0,0.632
S46,Manajemen,4,Perilaku Organisasi,3,B+,3.3,0.632
S46,Manajemen,4,Aljabar Linear,3,C,2.0,0.632
S47,Manajemen,1,Kewarganegaraan,2,B+,3.3,0.178
S47,Manajemen,1,Matematika Diskrit,3,A-,3.7,0.178
S47,Manajemen,1,Bahasa Indonesia,2,B,3.0,0.178
S47,Manajemen,1,Pemasaran,3,A,4.0,0.178
S47,Manajemen,1,Seminar,1,A,4.0,0.178
S47,Manajemen,1,Skripsi,6,B,3.0,0.178
S47,Manajemen,1,Kewirausahaan,2,B-,2.7,0.178
S47,Manajemen,2,Kewirausahaan,2,A,4.0,0.178
S47,Manajemen,2,Akuntansi Keuangan,3,A-,3.7,0.178
S47,Manajemen,2,Pengantar Ekonomi,3,B,3.0,0.178
S47,Manajemen,2,Agama,2,A,4.0,0.178
S47,Manajemen,2,Pengantar Matematika,2,B+,3.3,0.178
S47,Manajemen,3,Kerja Praktik,3,B+,3.3,0.178
S47,Manajemen,3,Agama,2,A,4.0,0.178
S47,Manajemen,3,Statistika,3,C,2.0,0.178
S47,Manajemen,3,Kewarganegaraan,2,A,4.0,0.178
S47,Manajemen,3,Statistika Inferensial,3,B+,3.3,0.178
S47,Manajemen,4,Manajemen,3,A-,3.7,0.178
S47,Manajemen,4,Etika Profesi,2,A-,3.7,0.178
S47,Manajemen,4,Metodologi Penelitian,2,A,4.0,0.178
S47,Manajemen,4,Kalkulus III,3,C,2.0,0.178
S47,Manajemen,4,Kewirausahaan,2,B+,3.3,0.178
S47,Manajemen,4,Pancasila,2,A-,3.7,0.178
S47,Manajemen,5,Bahasa Inggris,2,A-,3.7,0.178
S47,Manajemen,5,Kalkulus II,3,A,4.0,0.178
S47,Manajemen,5,Pancasila,2,A-,3.7,0.178
S47,Manajemen,5,Perilaku Organisasi,3,C+,2.3,0.178
S47,Manajemen,5,Aljabar Linear,3,B+,3.3,0.178
S47,Manajemen,5,Kalkulus I,3,B,3.0,0.178
S48,Biologi,1,Kalkulus III,3,A,4.0,0.417
S48,Biologi,1,Kalkulus II,3,B+,3.3,0.417
S48,Biologi,1,Bahasa Indonesia,2,A,4.0,0.417
S48,Biologi,1,Agama,2,A,4.0,0.417
S48,Biologi,1,Kalkulus I,3,B+,3.3,0.417
S48,Biologi,2,Bahasa Inggris,2,A,4.0,0.417
S48,Biologi,2,Skripsi,6,A,4.0,0.417
S48,Biologi,2,Bahasa Inggris,2,A,4.0,0.417
S48,Biologi,2,Seminar,1,A-,3.7,0.417
S48,Biologi,2,Kewarganegaraan,2,A,4.0,0.417
S48,Biologi,2,Pengantar Matematika,2,A-,3.7,0.417
S48,Biologi,2,Kimia Dasar,3,A,4.0,0.417
S48,Biologi,3,Kimia Dasar,3,A-,3.7,0.417
S48,Biologi,3,Bahasa Indonesia,2,A,4.0,0.417
S48,Biologi,3,Agama,2,A,4.0,0.417
S48,Biologi,3,Aljabar Linear,3,A,4.0,0.417
S48,Biologi,3,Pancasila,2,A-,3.7,0.417
S48,Biologi,3,Etika Profesi,2,B+,3.3,0.417
S49,Biologi,1,Kewirausahaan,2,B+,3.3,0.555
S49,Biologi,1,Agama,2,A,4.0,0.555
S49,Biologi,1,Kalkulus II,3,B,3.0,0.555
S49,Biologi,1,Etika Profesi,2,B+,3.3,0.555
S49,Biologi,1,Bahasa Indonesia,2,A,4.0,0.555
S49,Biologi,2,Genetika,3,A,4.0,0.555
S49,Biologi,2,Pancasila,2,A,4.0,0.555
S49,Biologi,2,Bahasa Inggris,2,B,3.0,0.555
S49,Biologi,2,Kewarganegaraan,2,A-,3.7,0.555
S49,Biologi,2,Kimia Dasar,3,B+,3.3,0.555
S49,Biologi,2,Matematika Diskrit,3,B+,3.3,0.555
S49,Biologi,3,Mikrobiologi,3,A,4.0,0.555
S49,Biologi,3,Kalkulus I,3,A,4.0,0.555
S49,Biologi,3,Agama,2,B+,3.3,0.555
S49,Biologi,3,Aljabar Linear,3,A,4.0,0.555
S49,Biologi,3,Metodologi Penelitian,2,B+,3.3,0.555
S49,Biologi,3,Seminar,1,A,4.0,0.555
S49,Biologi,3,Skripsi,6,A,4.0,0.555
S49,Biologi,4,Skripsi,6,B-,2.7,0.555
S49,Biologi,4,Kalkulus III,3,A,4.0,0.555
S49,Biologi,4,Statistika,3,B+,3.3,0.555
S49,Biologi,4,Bahasa Inggris,2,A-,3.7,0.555
S49,Biologi,4,Kimia Organik,3,A,4.0,0.555
S49,Biologi,5,Kewirausahaan,2,A,4.0,0.555
S49,Biologi,5,Kewarganegaraan,2,A,4.0,0.555
S49,Biologi,5,Statistika Inferensial,3,B,3.0,0.555
S49,Biologi,5,Kerja Praktik,3,A,4.0,0.555
S49,Biologi,5,Pancasila,2,A,4.0,0.555
S50,Akuntansi,1,Metodologi Penelitian,2,A,4.0,0.58
S50,Akuntansi,1,Kewarganegaraan,2,A-,3.7,0.58
S50,Akuntansi,1,Manajemen,3,A-,3.7,0.58
S50,Akuntansi,1,Pengantar Matematika,2,A,4.0,0.58
S50,Akuntansi,1,Statistika,3,B-,2.7,0.58
S50,Akuntansi,2,Kewirausahaan,2,A-,3.7,0.58
S50,Akuntansi,2,Pemasaran,3,A,4.0,0.58
S50,Akuntansi,2,Aljabar Linear,3,B,3.0,0.58
S50,Akuntansi,2,Bahasa Inggris,2,A-,3.7,0.58
S50,Akuntansi,2,Pengantar Ekonomi,3,A,4.0,0.58
S50,Akuntansi,2,Kewirausahaan,2,A,4.0,0.58
S50,Akuntansi,3,Perilaku Organisasi,3,B+,3.3,0.58
S50,Akuntansi,3,Agama,2,A,4.0,0.58
S50,Akuntansi,3,Agama,2,A,4.0,0.58
S50,Akuntansi,3,Bahasa Indonesia,2,A,4.0,0.58
S50,Akuntansi,3,Bahasa Indonesia,2,A,4.0,0.58
S50,Akuntansi,3,Kalkulus II,3,A,4.0,0.58
S50,Akuntansi,3,Akuntansi Keuangan,3,B,3.0,0.58
S50,Akuntansi,4,Akuntansi Keuangan,3,A-,3.7,0.58
S50,Akuntansi,4,Kewarganegaraan,2,A,4.0,0.58
S50,Akuntansi,4,Kalkulus I,3,B-,2.7,0.58
S50,Akuntansi,4,Matematika Diskrit,3,B,3.0,0.58
S50,Akuntansi,4,Seminar,1,A,4.0,0.58
S50,Akuntansi,4,Kalkulus III,3,B+,3.3,0.58
S50,Akuntansi,4,Etika Profesi,2,A,4.0,0.58
S50,Akuntansi,5,Etika Profesi,2,A,4.0,0.58
S50,Akuntansi,5,Pancasila,2,A,4.0,0.58
S50,Akuntansi,5,Pancasila,2,A,4.0,0.58
S50,Akuntansi,5,Skripsi,6,A,4.0,0.58
S50,Akuntansi,5,Bahasa Inggris,2,A-,3.7,0.58
S51,Manajemen,1,Pancasila,2,A-,3.7,0.346
S51,Manajemen,1,Pengantar Ekonomi,3,B,3.0,0.346
S51,Manajemen,1,Etika Profesi,2,A-,3.7,0.346
S51,Manajemen,1,Bahasa Indonesia,2,A,4.0,0.346
S51,Manajemen,1,Skripsi,6,B+,3.3,0.346
S51,Manajemen,1,Pengantar Matematika,2,A-,3.7,0.346
S51,Manajemen,2,Kalkulus II,3,B-,2.7,0.346
S51,Manajemen,2,Perilaku Organisasi,3,B+,3.3,0.346
S51,Manajemen,2,Seminar,1,A,4.0,0.346
S51,Manajemen,2,Agama,2,A,4.0,0.346
S51,Manajemen,2,Bahasa Inggris,2,A-,3.7,0.346
S52,Farmasi,1,Anatomi,4,B+,3.3,0.465
S52,Farmasi,1,Bahasa Inggris,2,A-,3.7,0.465
S52,Farmasi,1,Kewirausahaan,2,B+,3.3,0.465
S52,Farmasi,1,Agama,2,A,4.0,0.465
S52,Farmasi,1,Bahasa Indonesia,2,A,4.0,0.465
S52,Farmasi,1,Kimia Organik,3,A-,3.7,0.465
S52,Farmasi,2,Biokimia,3,B-,2.7,0.465
S52,Farmasi,2,Bahasa Inggris,2,A,4.0,0.465
S52,Farmasi,2,Kewarganegaraan,2,A,4.0,0.465
S52,Farmasi,2,Mikrobiologi,3,A-,3.7,0.465
S52,Farmasi,2,Bahasa Indonesia,2,A-,3.7,0.465
S52,Farmasi,2,Kewarganegaraan,2,A,4.0,0.465
S52,Farmasi,2,Seminar,1,A-,3.7,0.465
S52,Farmasi,3,Seminar,1,A-,3.7,0.465
S52,Farmasi,3,Kimia Dasar,3,B+,3.3,0.465
S52,Farmasi,3,Metodologi Penelitian,2,B+,3.3,0.465
S52,Farmasi,3,Kerja Praktik,3,A,4.0,0.465
S52,Farmasi,3,Skripsi,6,A,4.0,0.465
S53,Farmasi,1,Fisiologi,4,A,4.0,0.718
S53,Farmasi,1,Kewirausahaan,2,A-,3.7,0.718
S53,Farmasi,1,Skripsi,6,A,4.0,0.718
S53,Farmasi,1,Bahasa Indonesia,2,A,4.0,0.718
S53,Farmasi,1,Agama,2,A,4.0,0.718
S53,Farmasi,1,Kimia Organik,3,B+,3.3,0.718
S53,Farmasi,1,Metodologi Penelitian,2,B+,3.3,0.718
S53,Farmasi,2,Metodologi Penelitian,2,A,4.0,0.718
S53,Farmasi,2,Bahasa Inggris,2,A,4.0,0.718
S53,Farmasi,2,Kimia Dasar,3,A,4.0,0.718
S53,Farmasi,2,Bahasa Inggris,2,A,4.0,0.718
S53,Farmasi,2,Genetika,3,B,3.0,0.718
S53,Farmasi,2,Pancasila,2,B+,3.3,0.718
S53,Farmasi,3,Etika Profesi,2,A,4.0,0.718
S53,Farmasi,3,Mikrobiologi,3,C-,1.7,0.718
S53,Farmasi,3,Kewarganegaraan,2,A,4.0,0.718
S53,Farmasi,3,Farmakologi,4,B,3.0,0.718
S53,Farmasi,3,Biokimia,3,A,4.0,0.718
S54,Kedokteran,1,Kewarganegaraan,2,A,4.0,0.647
S54,Kedokteran,1,Fisiologi,4,B+,3.3,0.647
S54,Kedokteran,1,Kimia Organik,3,B,3.0,0.647
S54,Kedokteran,1,Skripsi,6,B+,3.3,0.647
S54,Kedokteran,1,Bahasa Indonesia,2,A-,3.7,0.647
S54,Kedokteran,1,Seminar,1,A,4.0,0.647
S54,Kedokteran,2,Etika Profesi,2,A,4.0,0.647
S54,Kedokteran,2,Kewirausahaan,2,A,4.0,0.647
S54,Kedokteran,2,Bahasa Inggris,2,B+,3.3,0.647
S54,Kedokteran,2,Bahasa Inggris,2,B+,3.3,0.647
S54,Kedokteran,2,Metodologi Penelitian,2,B+,3.3,0.647
S54,Kedokteran,2,Kerja Praktik,3,A,4.0,0.647
S54,Kedokteran,2,Genetika,3,C+,2.3,0.647
S54,Kedokteran,3,Genetika,3,B-,2.7,0.647
S54,Kedokteran,3,Agama,2,A,4.0,0.647
S54,Kedokteran,3,Bahasa Indonesia,2,A-,3.7,0.647
S54,Kedokteran,3,Farmakologi,4,B+,3.3,0.647
S54,Kedokteran,3,Anatomi,4,B,3.0,0.647
S54,Kedokteran,3,Kimia Dasar,3,B+,3.3,0.647
S54,Kedokteran,3,Mikrobiologi,3,A-,3.7,0.647
S54,Kedokteran,4,Mikrobiologi,3,A-,3.7,0.647
S54,Kedokteran,4,Pancasila,2,A-,3.7,0.647
S54,Kedokteran,4,Agama,2,A,4.0,0.647
S54,Kedokteran,4,Biokimia,3,B-,2.7,0.647
S54,Kedokteran,4,Pancasila,2,A,4.0,0.647
S54,Kedokteran,5,Kewirausahaan,2,A-,3.7,0.647
S55,Teknik Elektro,1,Seminar,1,A-,3.7,0.824
S55,Teknik Elektro,1,Pengantar Matematika,2,A-,3.7,0.824
S55,Teknik Elektro,1,Kewirausahaan,2,A,4.0,0.824
S55,Teknik Elektro,1,Kalkulus III,3,B-,2.7,0.824
S55,Teknik Elektro,1,Kimia Dasar,3,A-,3.7,0.824
S55,Teknik Elektro,2,Bahasa Inggris,2,A,4.0,0.824
S55,Teknik Elektro,2,Kewirausahaan,2,A,4.0,0.824
S55,Teknik Elektro,2,Pancasila,2,B+,3.3,0.824
S55,Teknik Elektro,2,Aljabar Linear,3,A,4.0,0.824
S55,Teknik Elektro,2,Matematika Diskrit,3,A-,3.7,0.824
S55,Teknik Elektro,2,Fisika Dasar I,3,A,4.0,0.824
S55,Teknik Elektro,2,Bahasa Indonesia,2,A-,3.7,0.824
S56,Sistem Informasi,1,Pembelajaran Mesin,3,B+,3.3,0.665
S56,Sistem Informasi,1,Pemrograman Mobile,3,B+,3.3,0.665
S56,Sistem Informasi,1,Grafika Komputer,3,B+,3.3,0.665
S56,Sistem Informasi,1,Kewarganegaraan,2,A,4.0,0.665
S56,Sistem Informasi,1,Struktur Data,3,B+,3.3,0.665
S56,Sistem Informasi,2,Rekayasa Perangkat Lunak,3,A-,3.7,0.665
S56,Sistem Informasi,2,Agama,2,A,4.0,0.665
S56,Sistem Informasi,2,Kewarganegaraan,2,A,4.0,0.665
S56,Sistem Informasi,2,Statistika,3,A,4.0,0.665
S56,Sistem Informasi,2,Pancasila,2,A,4.0,0.665
S56,Sistem Informasi,2,Statistika Inferensial,3,B,3.0,0.665
S56,Sistem Informasi,2,Metodologi Penelitian,2,A,4.0,0.665
S56,Sistem Informasi,3,Metodologi Penelitian,2,A-,3.7,0.665
S56,Sistem Informasi,3,Matematika Diskrit,3,A-,3.7,0.665
S56,Sistem Informasi,3,Etika Profesi,2,A,4.0,0.665
S56,Sistem Informasi,3,Bahasa Indonesia,2,A,4.0,0.665
S56,Sistem Informasi,3,Kalkulus I,3,B,3.0,0.665
S56,Sistem Informasi,3,Bahasa Inggris,2,B+,3.3,0.665
S56,Sistem Informasi,3,Basis Data,3,B+,3.3,0.665
S56,Sistem Informasi,4,Basis Data,3,A,4.0,0.665
S56,Sistem Informasi,4,Jaringan Komputer,3,B+,3.3,0.665
S56,Sistem Informasi,4,Pemrograman Berorientasi Objek,3,B-,2.7,0.665
S56,Sistem Informasi,4,Agama,2,A,4.0,0.665
S56,Sistem Informasi,4,Fisika,3,A,4.0,0.665
S56,Sistem Informasi,5,Pengantar Matematika,2,A,4.0,0.665
S56,Sistem Informasi,5,Fisika Dasar I,3,B,3.0,0.665
S56,Sistem Informasi,5,Sistem Operasi,3,C+,2.3,0.665
S56,Sistem Informasi,5,Kalkulus III,3,B-,2.7,0.665
S56,Sistem Informasi,5,Algoritma dan Pemrograman,4,A,4.0,0.665
S56,Sistem Informasi,6,Skripsi,6,B,3.0,0.665
S56,Sistem Informasi,6,Kalkulus II,3,B+,3.3,0.665
S56,Sistem Informasi,6,Seminar,1,A,4.0,0.665
S56,Sistem Informasi,6,Bahasa Inggris,2,A-,3.7,0.665
S56,Sistem Informasi,6,Fisika Dasar II,3,A-,3.7,0.665
S56,Sistem Informasi,6,Pemrograman Web,3,A-,3.7,0.665
S57,Ilmu Komunikasi,1,Komunikasi Massa,3,B,3.0,0.603
S57,Ilmu Komunikasi,1,Agama,2,A,4.0,0.603
S57,Ilmu Komunikasi,1,Agama,2,A,4.0,0.603
S57,Ilmu Komunikasi,1,Bahasa Inggris,2,A,4.0,0.603
S57,Ilmu Komunikasi,1,Pancasila,2,B+,3.3,0.603
S57,Ilmu Komunikasi,1,Skripsi,6,A,4.0,0.603
S57,Ilmu Komunikasi,2,Kerja Praktik,3,A-,3.7,0.603
S57,Ilmu Komunikasi,2,Seminar,1,A,4.0,0.603
S57,Ilmu Komunikasi,2,Perilaku Organisasi,3,A-,3.7,0.603
S57,Ilmu Komunikasi,2,Pemasaran,3,B+,3.3,0.603
S57,Ilmu Komunikasi,2,Bahasa Indonesia,2,A,4.0,0.603
S57,Ilmu Komunikasi,2,Manajemen,3,A-,3.7,0.603
S57,Ilmu Komunikasi,3,Bahasa Indonesia,2,A-,3.7,0.603
S57,Ilmu Komunikasi,3,Kewirausahaan,2,A,4.0,0.603
S57,Ilmu Komunikasi,3,Kewirausahaan,2,A-,3.7,0.603
S57,Ilmu Komunikasi,3,Metodologi Penelitian,2,A-,3.7,0.603
S57,Ilmu Komunikasi,3,Komunikasi Organisasi,3,B+,3.3,0.603
S57,Ilmu Komunikasi,3,Etika Profesi,2,A,4.0,0.603
S57,Ilmu Komunikasi,3,Kewarganegaraan,2,A,4.0,0.603
S57,Ilmu Komunikasi,4,Kewarganegaraan,2,A,4.0,0.603
S57,Ilmu Komunikasi,4,Pancasila,2,A,4.0,0.603
S57,Ilmu Komunikasi,4,Bahasa Inggris,2,A-,3.7,0.603
S57,Ilmu Komunikasi,4,Kewarganegaraan,2,A,4.0,0.603
S58,Teknik Mesin,1,Statistika,3,A-,3.7,0.822
S58,Teknik Mesin,1,Pancasila,2,A,4.0,0.822
S58,Teknik Mesin,1,Kewarganegaraan,2,A-,3.7,0.822
S58,Teknik Mesin,1,Kerja Praktik,3,A,4.0,0.822
S58,Teknik Mesin,1,Fisika,3,A-,3.7,0.822
S58,Teknik Mesin,1,Statistika Inferensial,3,B,3.0,0.822
S58,Teknik Mesin,1,Pancasila,2,A-,3.7,0.822
S58,Teknik Mesin,2,Pancasila,2,A-,3.7,0.822
S58,Teknik Mesin,2,Metodologi Penelitian,2,A,4.0,0.822
S58,Teknik Mesin,2,Bahasa Indonesia,2,A,4.0,0.822
S58,Teknik Mesin,2,Agama,2,A,4.0,0.822
S58,Teknik Mesin,2,Pengantar Matematika,2,B+,3.3,0.822
S59,Teknik Informatika,1,Bahasa Inggris,2,B+,3.3,0.394
S59,Teknik Informatika,1,Pancasila,2,A,4.0,0.394
S59,Teknik Informatika,1,Bahasa Indonesia,2,A,4.0,0.394
S59,Teknik Informatika,1,Pemrograman Web,3,A-,3.7,0.394
S59,Teknik Informatika,1,Skripsi,6,C+,2.3,0.394
S59,Teknik Informatika,1,Kewarganegaraan,2,A,4.0,0.394
S59,Teknik Informatika,2,Etika Profesi,2,A-,3.7,0.394
S59,Teknik Informatika,2,Pancasila,2,A,4.0,0.394
S59,Teknik Informatika,2,Kalkulus II,3,B,3.0,0.394
S59,Teknik Informatika,2,Aljabar Linear,3,B+,3.3,0.394
S59,Teknik Informatika,2,Statistika Inferensial,3,A-,3.7,0.394
S59,Teknik Informatika,3,Pembelajaran Mesin,3,C,2.0,0.394
S59,Teknik Informatika,3,Basis Data,3,A-,3.7,0.394
S59,Teknik Informatika,3,Pemrograman Berorientasi Objek,3,B+,3.3,0.394
S59,Teknik Informatika,3,Struktur Data,3,A,4.0,0.394
S59,Teknik Informatika,3,Fisika Dasar II,3,B+,3.3,0.394
S59,Teknik Informatika,4,Metodologi Penelitian,2,B+,3.3,0.394
S59,Teknik Informatika,4,Jaringan Komputer,3,A-,3.7,0.394
S59,Teknik Informatika,4,Kalkulus III,3,B,3.0,0.394
S59,Teknik Informatika,4,Algoritma dan Pemrograman,4,A,4.0,0.394
S59,Teknik Informatika,4,Bahasa Inggris,2,A-,3.7,0.394
S59,Teknik Informatika,4,Kimia Organik,3,B-,2.7,0.394
S59,Teknik Informatika,5,Kewirausahaan,2,A-,3.7,0.394
S59,Teknik Informatika,5,Fisika Dasar I,3,A,4.0,0.394
S59,Teknik Informatika,5,Kerja Praktik,3,A-,3.7,0.394
S59,Teknik Informatika,5,Fisika,3,A,4.0,0.394
S59,Teknik Informatika,5,Statistika,3,A,4.0,0.394
S59,Teknik Informatika,5,Pengantar Matematika,2,B,3.0,0.394
S59,Teknik Informatika,5,Seminar,1,A,4.0,0.394
S59,Teknik Informatika,6,Seminar,1,A,4.0,0.394
S59,Teknik Informatika,6,Agama,2,A,4.0,0.394
S59,Teknik Informatika,6,Kewarganegaraan,2,A-,3.7,0.394
S59,Teknik Informatika,6,Sistem Operasi,3,B-,2.7,0.394
S59,Teknik Informatika,6,Kimia Dasar,3,A,4.0,0.394
S59,Teknik Informatika,6,Bahasa Indonesia,2,B,3.0,0.394
S59,Teknik Informatika,6,Rekayasa Perangkat Lunak,3,A-,3.7,0.394
S59,Teknik Informatika,7,Rekayasa Perangkat Lunak,3,C+,2.3,0.394
S59,Teknik Informatika,7,Pemrograman Mobile,3,C+,2.3,0.394
S59,Teknik Informatika,7,Agama,2,B,3.0,0.394
S59,Teknik Informatika,7,Kalkulus I,3,C+,2.3,0.394
S59,Teknik Informatika,7,Grafika Komputer,3,B,3.0,0.394
S59,Teknik Informatika,7,Kewirausahaan,2,A-,3.7,0.394
S60,Biologi,1,Kerja Praktik,3,A,4.0,0.51
S60,Biologi,1,Kalkulus I,3,B+,3.3,0.51
S60,Biologi,1,Skripsi,6,B-,2.7,0.51
S60,Biologi,1,Agama,2,A,4.0,0.51
S60,Biologi,1,Mikrobiologi,3,B+,3.3,0.51
S60,Biologi,1,Bahasa Indonesia,2,A-,3.7,0.51
S60,Biologi,1,Aljabar Linear,3,A-,3.7,0.51
S60,Biologi,2,Aljabar Linear,3,B,3.0,0.51
S60,Biologi,2,Kewarganegaraan,2,B,3.0,0.51
S60,Biologi,2,Bahasa Inggris,2,A,4.0,0.51
S60,Biologi,2,Kalkulus III,3,A,4.0,0.51
S60,Biologi,2,Kimia Dasar,3,C+,2.3,0.51
S60,Biologi,2,Agama,2,B,3.0,0.51
S60,Biologi,3,Matematika Diskrit,3,B,3.0,0.51
S60,Biologi,3,Pengantar Matematika,2,A,4.0,0.51
S60,Biologi,3,Metodologi Penelitian,2,B+,3.3,0.51
S60,Biologi,3,Pancasila,2,A,4.0,0.51
S60,Biologi,3,Kewarganegaraan,2,B+,3.3,0.51
S60,Biologi,3,Statistika,3,A-,3.7,0.51
S60,Biologi,4,Seminar,1,B,3.0,0.51
S60,Biologi,4,Statistika Inferensial,3,B,3.0,0.51
S60,Biologi,4,Bahasa Indonesia,2,A-,3.7,0.51
S60,Biologi,4,Pancasila,2,A,4.0,0.51
S60,Biologi,4,Kimia Organik,3,A,4.0,0.51
S60,Biologi,4,Etika Profesi,2,A,4.0,0.51
S60,Biologi,4,Bahasa Inggris,2,A,4.0,0.51
S61,Biologi,1,Kalkulus I,3,B+,3.3,0.318
S61,Biologi,1,Bahasa Inggris,2,A,4.0,0.318
S61,Biologi,1,Kimia Organik,3,B,3.0,0.318
S61,Biologi,1,Kerja Praktik,3,B+,3.3,0.318
S61,Biologi,1,Matematika Diskrit,3,B+,3.3,0.318
S61,Biologi,1,Kewirausahaan,2,A-,3.7,0.318
S61,Biologi,1,Bahasa Indonesia,2,A-,3.7,0.318
S61,Biologi,2,Bahasa Indonesia,2,A,4.0,0.318
S61,Biologi,2,Pancasila,2,A,4.0,0.318
S61,Biologi,2,Pancasila,2,A,4.0,0.318
S61,Biologi,2,Statistika Inferensial,3,A,4.0,0.318
S61,Biologi,2,Kimia Dasar,3,B,3.0,0.318
S61,Biologi,2,Agama,2,A,4.0,0.318
S61,Biologi,3,Kalkulus III,3,B-,2.7,0.318
S61,Biologi,3,Kalkulus II,3,C+,2.3,0.318
S61,Biologi,3,Kewirausahaan,2,B-,2.7,0.318
S61,Biologi,3,Kewarganegaraan,2,A,4.0,0.318
S61,Biologi,3,Bahasa Inggris,2,A-,3.7,0.318
S61,Biologi,3,Kewarganegaraan,2,A-,3.7,0.318
S62,Kedokteran,1,Bahasa Indonesia,2,A-,3.7,0.762
S62,Kedokteran,1,Kewirausahaan,2,A,4.0,0.762
S62,Kedokteran,1,Agama,2,A,4.0,0.762
S62,Kedokteran,1,Anatomi,4,B+,3.3,0.762
S62,Kedokteran,1,Kewirausahaan,2,A-,3.7,0.762
S62,Kedokteran,1,Mikrobiologi,3,B-,2.7,0.762
S62,Kedokteran,1,Fisiologi,4,B-,2.7,0.762
S62,Kedokteran,2,Fisiologi,4,A-,3.7,0.762
S62,Kedokteran,2,Metodologi Penelitian,2,B+,3.3,0.762
S62,Kedokteran,2,Kewarganegaraan,2,A,4.0,0.762
S62,Kedokteran,2,Kimia Dasar,3,A-,3.7,0.762
S62,Kedokteran,2,Pancasila,2,B+,3.3,0.762
S62,Kedokteran,3,Farmakologi,4,A,4.0,0.762
S62,Kedokteran,3,Skripsi,6,B,3.0,0.762
S62,Kedokteran,3,Kerja Praktik,3,A,4.0,0.762
S62,Kedokteran,3,Kimia Organik,3,B+,3.3,0.762
S62,Kedokteran,3,Etika Profesi,2,A,4.0,0.762
S62,Kedokteran,3,Kewarganegaraan,2,A-,3.7,0.762
S62,Kedokteran,3,Genetika,3,A-,3.7,0.762
S62,Kedokteran,4,Genetika,3,B,3.0,0.762
S62,Kedokteran,4,Agama,2,A-,3.7,0.762
S62,Kedokteran,4,Bahasa Indonesia,2,A,4.0,0.762
S62,Kedokteran,4,Biokimia,3,C+,2.3,0.762
S62,Kedokteran,4,Seminar,1,A,4.0,0.762
S62,Kedokteran,4,Bahasa Inggris,2,A-,3.7,0.762
S62,Kedokteran,4,Pancasila,2,A,4.0,0.762
S62,Kedokteran,5,Pancasila,2,A,4.0,0.762
S63,Sistem Informasi,1,Agama,2,A,4.0,0.556
S63,Sistem Informasi,1,Metodologi Penelitian,2,A,4.0,0.556
S63,Sistem Informasi,1,Etika Profesi,2,A-,3.7,0.556
S63,Sistem Informasi,1,Kerja Praktik,3,B+,3.3,0.556
S63,Sistem Informasi,1,Kewarganegaraan,2,A,4.0,0.556
S63,Sistem Informasi,1,Statistika,3,A,4.0,0.556
S63,Sistem Informasi,1,Pemrograman Berorientasi Objek,3,A-,3.7,0.556
S63,Sistem Informasi,2,Pemrograman Berorientasi Objek,3,B+,3.3,0.556
S63,Sistem Informasi,2,Fisika,3,A,4.0,0.556
S63,Sistem Informasi,2,Basis Data,3,B+,3.3,0.556
S63,Sistem Informasi,2,Kewirausahaan,2,A,4.0,0.556
S63,Sistem Informasi,2,Aljabar Linear,3,B-,2.7,0.556
S63,Sistem Informasi,2,Rekayasa Perangkat Lunak,3,B+,3.3,0.556
S63,Sistem Informasi,2,Bahasa Inggris,2,A,4.0,0.556
S63,Sistem Informasi,3,Bahasa Inggris,2,A-,3.7,0.556
S63,Sistem Informasi,3,Kalkulus III,3,B+,3.3,0.556
S63,Sistem Informasi,3,Fisika Dasar I,3,A,4.0,0.556
S63,Sistem Informasi,3,Seminar,1,A,4.0,0.556
S63,Sistem Informasi,3,Pancasila,2,A,4.0,0.556
S63,Sistem Informasi,3,Sistem Operasi,3,A,4.0,0.556
S63,Sistem Informasi,4,Bahasa Indonesia,2,A-,3.7,0.556
S63,Sistem Informasi,4,Matematika Diskrit,3,B+,3.3,0.556
S63,Sistem Informasi,4,Pancasila,2,B+,3.3,0.556
S63,Sistem Informasi,4,Pemrograman Web,3,B+,3.3,0.556
S63,Sistem Informasi,4,Kewarganegaraan,2,A-,3.7,0.556
S63,Sistem Informasi,4,Algoritma dan Pemrograman,4,B-,2.7,0.556
S63,Sistem Informasi,5,Kimia Organik,3,A-,3.7,0.556
S63,Sistem Informasi,5,Kecerdasan Buatan,3,B,3.0,0.556
S63,Sistem Informasi,5,Bahasa Inggris,2,A-,3.7,0.556
S63,Sistem Informasi,5,Skripsi,6,A,4.0,0.556
S63,Sistem Informasi,5,Statistika Inferensial,3,B+,3.3,0.556
S63,Sistem Informasi,5,Pembelajaran Mesin,3,B+,3.3,0.556
S63,Sistem Informasi,5,Kimia Dasar,3,B-,2.7,0.556
S63,Sistem Informasi,6,Kimia Dasar,3,B,3.0,0.556
S63,Sistem Informasi,6,Jaringan Komputer,3,B+,3.3,0.556
S63,Sistem Informasi,6,Agama,2,A,4.0,0.556
S63,Sistem Informasi,6,Kalkulus II,3,C+,2.3,0.556
S63,Sistem Informasi,6,Kewirausahaan,2,A,4.0,0.556
S63,Sistem Informasi,6,Bahasa Indonesia,2,A,4.0,0.556
S63,Sistem Informasi,6,Grafika Komputer,3,A-,3.7,0.556
S64,Sistem Informasi,1,Pemrograman Berorientasi Objek,3,B-,2.7,0.908
S64,Sistem Informasi,1,Kalkulus III,3,C+,2.3,0.908
S64,Sistem Informasi,1,Bahasa Indonesia,2,A,4.0,0.908
S64,Sistem Informasi,1,Bahasa Inggris,2,A-,3.7,0.908
S64,Sistem Informasi,1,Kimia Dasar,3,A,4.0,0.908
S64,Sistem Informasi,1,Kerja Praktik,3,B+,3.3,0.908
S64,Sistem Informasi,1,Struktur Data,3,A-,3.7,0.908
S64,Sistem Informasi,2,Struktur Data,3,C+,2.3,0.908
S64,Sistem Informasi,2,Algoritma dan Pemrograman,4,A,4.0,0.908
S64,Sistem Informasi,2,Aljabar Linear,3,B-,2.7,0.908
S64,Sistem Informasi,2,Jaringan Komputer,3,A-,3.7,0.908
S64,Sistem Informasi,2,Pemrograman Mobile,3,A,4.0,0.908
S64,Sistem Informasi,2,Skripsi,6,A,4.0,0.908
S64,Sistem Informasi,2,Fisika Dasar II,3,A,4.0,0.908
S64,Sistem Informasi,3,Fisika Dasar II,3,B,3.0,0.908
S64,Sistem Informasi,3,Bahasa Inggris,2,A,4.0,0.908
S64,Sistem Informasi,3,Kalkulus I,3,A,4.0,0.908
S64,Sistem Informasi,3,Pengantar Matematika,2,A-,3.7,0.908
S64,Sistem Informasi,3,Statistika Inferensial,3,A,4.0,0.908
S64,Sistem Informasi,3,Pancasila,2,A,4.0,0.908
S64,Sistem Informasi,4,Metodologi Penelitian,2,A-,3.7,0.908
S64,Sistem Informasi,4,Kimia Organik,3,A,4.0,0.908
S64,Sistem Informasi,4,Kewarganegaraan,2,A,4.0,0.908
S64,Sistem Informasi,4,Sistem Operasi,3,A,4.0,0.908
S64,Sistem Informasi,4,Etika Profesi,2,B+,3.3,0.908
S64,Sistem Informasi,4,Basis Data,3,A-,3.7,0.908
S64,Sistem Informasi,4,Fisika Dasar I,3,A-,3.7,0.908
S64,Sistem Informasi,5,Fisika Dasar I,3,B-,2.7,0.908
S64,Sistem Informasi,5,Seminar,1,B+,3.3,0.908
S64,Sistem Informasi,5,Pemrograman Web,3,A,4.0,0.908
S64,Sistem Informasi,5,Grafika Komputer,3,A,4.0,0.908
S64,Sistem Informasi,5,Agama,2,A-,3.7,0.908
S64,Sistem Informasi,6,Matematika Diskrit,3,A-,3.7,0.908
S64,Sistem Informasi,6,Kewirausahaan,2,A,4.0,0.908
S64,Sistem Informasi,6,Statistika,3,A,4.0,0.908
S64,Sistem Informasi,6,Fisika,3,B+,3.3,0.908
S64,Sistem Informasi,6,Kalkulus II,3,A-,3.7,0.908
S65,Ilmu Komunikasi,1,Seminar,1,A,4.0,0.67
S65,Ilmu Komunikasi,1,Perilaku Organisasi,3,A-,3.7,0.67
S65,Ilmu Komunikasi,1,Pemasaran,3,A,4.0,0.67
S65,Ilmu Komunikasi,1,Kewirausahaan,2,A,4.0,0.67
S65,Ilmu Komunikasi,1,Etika Profesi,2,B+,3.3,0.67
S65,Ilmu Komunikasi,2,Kewarganegaraan,2,A,4.0,0.67
S65,Ilmu Komunikasi,2,Kerja Praktik,3,A,4.0,0.67
S65,Ilmu Komunikasi,2,Pancasila,2,A,4.0,0.67
S65,Ilmu Komunikasi,2,Pancasila,2,A,4.0,0.67
S65,Ilmu Komunikasi,2,Metodologi Penelitian,2,A-,3.7,0.67
S65,Ilmu Komunikasi,3,Agama,2,A-,3.7,0.67
S65,Ilmu Komunikasi,3,Bahasa Inggris,2,A,4.0,0.67
S65,Ilmu Komunikasi,3,Skripsi,6,B+,3.3,0.67
S65,Ilmu Komunikasi,3,Komunikasi Organisasi,3,A,4.0,0.67
S65,Ilmu Komunikasi,3,Komunikasi Massa,3,A,4.0,0.67
S65,Ilmu Komunikasi,3,Bahasa Inggris,2,A,4.0,0.67
S65,Ilmu Komunikasi,3,Kewirausahaan,2,A,4.0,0.67
S66,Ilmu Komunikasi,1,Manajemen,3,B+,3.3,0.427
S66,Ilmu Komunikasi,1,Bahasa Indonesia,2,A-,3.7,0.427
S66,Ilmu Komunikasi,1,Agama,2,A,4.0,0.427
S66,Ilmu Komunikasi,1,Agama,2,A-,3.7,0.427
S66,Ilmu Komunikasi,1,Perilaku Organisasi,3,A,4.0,0.427
S66,Ilmu Komunikasi,2,Pancasila,2,A,4.0,0.427
S66,Ilmu Komunikasi,2,Kewarganegaraan,2,A,4.0,0.427
S66,Ilmu Komunikasi,2,Bahasa Inggris,2,A,4.0,0.427
S66,Ilmu Komunikasi,2,Komunikasi Massa,3,B,3.0,0.427
S66,Ilmu Komunikasi,2,Kewirausahaan,2,A,4.0,0.427
S66,Ilmu Komunikasi,2,Kewirausahaan,2,A-,3.7,0.427
S66,Ilmu Komunikasi,3,Seminar,1,B+,3.3,0.427
S66,Ilmu Komunikasi,3,Metodologi Penelitian,2,A,4.0,0.427
S66,Ilmu Komunikasi,3,Komunikasi Organisasi,3,B+,3.3,0.427
S66,Ilmu Komunikasi,3,Pemasaran,3,B+,3.3,0.427
S66,Ilmu Komunikasi,3,Kewarganegaraan,2,A,4.0,0.427
S66,Ilmu Komunikasi,4,Bahasa Inggris,2,A,4.0,0.427
S66,Ilmu Komunikasi,4,Skripsi,6,B-,2.7,0.427
S66,Ilmu Komunikasi,4,Pancasila,2,A,4.0,0.427
S66,Ilmu Komunikasi,4,Etika Profesi,2,B,3.0,0.427
S67,Hukum,1,Pengantar Ilmu Hukum,3,A,4.0,0.468
S67,Hukum,1,Bahasa Inggris,2,A,4.0,0.468
S67,Hukum,1,Metodologi Penelitian,2,A,4.0,0.468
S67,Hukum,1,Kewirausahaan,2,A-,3.7,0.468
S67,Hukum,1,Hukum Perdata,3,A,4.0,0.468
S67,Hukum,1,Agama,2,A,4.0,0.468
S67,Hukum,1,Etika Profesi,2,B,3.0,0.468
S67,Hukum,2,Etika Profesi,2,A,4.0,0.468
S67,Hukum,2,Bahasa Inggris,2,A,4.0,0.468
S67,Hukum,2,Kewarganegaraan,2,A,4.0,0.468
S67,Hukum,2,Kewirausahaan,2,B+,3.3,0.468
S67,Hukum,2,Bahasa Indonesia,2,A,4.0,0.468
S67,Hukum,3,Pancasila,2,A,4.0,0.468
S67,Hukum,3,Pancasila,2,A,4.0,0.468
S67,Hukum,3,Seminar,1,A,4.0,0.468
S67,Hukum,3,Skripsi,6,A,4.0,0.468
S67,Hukum,3,Kerja Praktik,3,A,4.0,0.468
S67,Hukum,3,Agama,2,A,4.0,0.468
S67,Hukum,3,Kewarganegaraan,2,A-,3.7,0.468
S67,Hukum,4,Kewarganegaraan,2,A-,3.7,0.468
S67,Hukum,4,Hukum Pidana,3,C,2.0,0.468
S68,Sistem Informasi,1,Pengantar Matematika,2,A-,3.7,0.439
S68,Sistem Informasi,1,Kewarganegaraan,2,A,4.0,0.439
S68,Sistem Informasi,1,Kimia Dasar,3,A,4.0,0.439
S68,Sistem Informasi,1,Pemrograman Web,3,B,3.0,0.439
S68,Sistem Informasi,1,Kerja Praktik,3,A,4.0,0.439
S68,Sistem Informasi,2,Pancasila,2,A-,3.7,0.439
S68,Sistem Informasi,2,Kewirausahaan,2,A,4.0,0.439
S68,Sistem Informasi,2,Agama,2,A,4.0,0.439
S68,Sistem Informasi,2,Fisika,3,A-,3.7,0.439
S68,Sistem Informasi,2,Struktur Data,3,A,4.0,0.439
S68,Sistem Informasi,2,Rekayasa Perangkat Lunak,3,B+,3.3,0.439
S68,Sistem Informasi,2,Etika Profesi,2,B+,3.3,0.439
S68,Sistem Informasi,3,Etika Profesi,2,B+,3.3,0.439
S68,Sistem Informasi,3,Kalkulus III,3,B+,3.3,0.439
S68,Sistem Informasi,3,Agama,2,A-,3.7,0.439
S68,Sistem Informasi,3,Pemrograman Berorientasi Objek,3,B,3.0,0.439
S68,Sistem Informasi,3,Basis Data,3,B+,3.3,0.439
S68,Sistem Informasi,3,Kewirausahaan,2,A,4.0,0.439
S68,Sistem Informasi,3,Statistika Inferensial,3,A,4.0,0.439
S68,Sistem Informasi,4,Statistika Inferensial,3,C,2.0,0.439
S68,Sistem Informasi,4,Kimia Organik,3,B,3.0,0.439
S68,Sistem Informasi,4,Kecerdasan Buatan,3,C+,2.3,0.439
S68,Sistem Informasi,4,Seminar,1,B+,3.3,0.439
S68,Sistem Informasi,4,Bahasa Indonesia,2,A,4.0,0.439
S68,Sistem Informasi,4,Kalkulus I,3,A,4.0,0.439
S69,Teknik Elektro,1,Etika Profesi,2,A,4.0,0.386
S69,Teknik Elektro,1,Fisika Dasar I,3,B+,3.3,0.386
S69,Teknik Elektro,1,Kewarganegaraan,2,B+,3.3,0.386
S69,Teknik Elektro,1,Aljabar Linear,3,A,4.0,0.386
S69,Teknik Elektro,1,Kalkulus I,3,A-,3.7,0.386
S69,Teknik Elektro,1,Matematika Diskrit,3,B+,3.3,0.386
S69,Teknik Elektro,2,Kewarganegaraan,2,A-,3.7,0.386
S69,Teknik Elektro,2,Skripsi,6,B+,3.3,0.386
S69,Teknik Elektro,2,Kimia Dasar,3,B,3.0,0.386
S69,Teknik Elektro,2,Pancasila,2,A,4.0,0.386
S69,Teknik Elektro,2,Fisika Dasar II,3,A-,3.7,0.386
S69,Teknik Elektro,3,Agama,2,A,4.0,0.386
S69,Teknik Elektro,3,Bahasa Indonesia,2,A,4.0,0.386
S69,Teknik Elektro,3,Kerja Praktik,3,A,4.0,0.386
S69,Teknik Elektro,3,Bahasa Indonesia,2,A,4.0,0.386
S69,Teknik Elektro,3,Seminar,1,A,4.0,0.386
S69,Teknik Elektro,3,Bahasa Inggris,2,B+,3.3,0.386
S69,Teknik Elektro,3,Pancasila,2,A,4.0,0.386
S69,Teknik Elektro,4,Pancasila,2,A,4.0,0.386
S69,Teknik Elektro,4,Kewirausahaan,2,A-,3.7,0.386
S69,Teknik Elektro,4,Statistika Inferensial,3,C-,1.7,0.386
S69,Teknik Elektro,4,Fisika,3,B,3.0,0.386
S69,Teknik Elektro,4,Kalkulus III,3,C+,2.3,0.386
S69,Teknik Elektro,4,Kimia Organik,3,B+,3.3,0.386
S69,Teknik Elektro,4,Agama,2,A,4.0,0.386
S69,Teknik Elektro,5,Agama,2,A,4.0,0.386
S69,Teknik Elektro,5,Statistika,3,A-,3.7,0.386
S69,Teknik Elektro,5,Bahasa Inggris,2,A-,3.7,0.386
S69,Teknik Elektro,5,Kewirausahaan,2,A,4.0,0.386
S69,Teknik Elektro,5,Metodologi Penelitian,2,B+,3.3,0.386
S69,Teknik Elektro,5,Pengantar Matematika,2,B+,3.3,0.386
S70,Teknik Sipil,1,Fisika,3,B+,3.3,0.299
S70,Teknik Sipil,1,Kalkulus II,3,A-,3.7,0.299
S70,Teknik Sipil,1,Etika Profesi,2,A-,3.7,0.299
S70,Teknik Sipil,1,Fisika Dasar I,3,B+,3.3,0.299
S70,Teknik Sipil,1,Skripsi,6,B+,3.3,0.299
S70,Teknik Sipil,2,Agama,2,A,4.0,0.299
S70,Teknik Sipil,2,Kewirausahaan,2,A,4.0,0.299
S70,Teknik Sipil,2,Pengantar Matematika,2,A-,3.7,0.299
S70,Teknik Sipil,2,Agama,2,A,4.0,0.299
S70,Teknik Sipil,2,Kalkulus I,3,B+,3.3,0.299
S70,Teknik Sipil,2,Fisika Dasar II,3,A,4.0,0.299
S70,Teknik Sipil,3,Statistika Inferensial,3,A,4.0,0.299
S70,Teknik Sipil,3,Kalkulus III,3,A-,3.7,0.299
S70,Teknik Sipil,3,Aljabar Linear,3,B,3.0,0.299
S70,Teknik Sipil,3,Kimia Dasar,3,A,4.0,0.299
S70,Teknik Sipil,3,Kimia Organik,3,A-,3.7,0.299
S70,Teknik Sipil,3,Seminar,1,A-,3.7,0.299
S70,Teknik Sipil,4,Bahasa Inggris,2,B+,3.3,0.299
S70,Teknik Sipil,4,Pancasila,2,B,3.0,0.299
S70,Teknik Sipil,4,Bahasa Indonesia,2,A,4.0,0.299
S70,Teknik Sipil,4,Bahasa Inggris,2,A-,3.7,0.299
S70,Teknik Sipil,4,Statistika,3,B+,3.3,0.299
S70,Teknik Sipil,4,Kewirausahaan,2,B-,2.7,0.299
S70,Teknik Sipil,5,Pancasila,2,B+,3.3,0.299
S70,Teknik Sipil,5,Metodologi Penelitian,2,A-,3.7,0.299
S70,Teknik Sipil,5,Kerja Praktik,3,A-,3.7,0.299
S70,Teknik Sipil,5,Kewarganegaraan,2,A,4.0,0.299
S70,Teknik Sipil,5,Kewarganegaraan,2,A-,3.7,0.299
S70,Teknik Sipil,5,Bahasa Indonesia,2,A,4.0,0.299
S71,Teknik Mesin,1,Kewarganegaraan,2,B+,3.3,0.616
S71,Teknik Mesin,1,Kewirausahaan,2,A-,3.7,0.616
S71,Teknik Mesin,1,Kerja Praktik,3,A-,3.7,0.616
S71,Teknik Mesin,1,Bahasa Indonesia,2,B+,3.3,0.616
S71,Teknik Mesin,1,Fisika Dasar I,3,A-,3.7,0.616
S71,Teknik Mesin,1,Fisika Dasar II,3,B,3.0,0.616
S71,Teknik Mesin,2,Aljabar Linear,3,B+,3.3,0.616
S71,Teknik Mesin,2,Bahasa Inggris,2,A,4.0,0.616
S71,Teknik Mesin,2,Etika Profesi,2,A,4.0,0.616
S71,Teknik Mesin,2,Bahasa Indonesia,2,B+,3.3,0.616
S71,Teknik Mesin,2,Kalkulus I,3,A-,3.7,0.616
S71,Teknik Mesin,2,Skripsi,6,A-,3.7,0.616
S71,Teknik Mesin,3,Seminar,1,A-,3.7,0.616
S71,Teknik Mesin,3,Pancasila,2,B+,3.3,0.616
S71,Teknik Mesin,3,Bahasa Inggris,2,A,4.0,0.616
S71,Teknik Mesin,3,Kewirausahaan,2,A,4.0,0.616
S71,Teknik Mesin,3,Kimia Dasar,3,C+,2.3,0.616
S71,Teknik Mesin,3,Statistika Inferensial,3,B+,3.3,0.616
S71,Teknik Mesin,3,Statistika,3,A,4.0,0.616
S71,Teknik Mesin,4,Statistika,3,C+,2.3,0.616
S71,Teknik Mesin,4,Kewarganegaraan,2,A,4.0,0.616
S71,Teknik Mesin,4,Pengantar Matematika,2,A,4.0,0.616
S71,Teknik Mesin,4,Kimia Organik,3,A-,3.7,0.616
S71,Teknik Mesin,4,Pancasila,2,A-,3.7,0.616
S71,Teknik Mesin,5,Agama,2,A,4.0,0.616
S71,Teknik Mesin,5,Metodologi Penelitian,2,A-,3.7,0.616
S71,Teknik Mesin,5,Matematika Diskrit,3,B-,2.7,0.616
S71,Teknik Mesin,5,Kalkulus III,3,B,3.0,0.616
S71,Teknik Mesin,5,Fisika,3,A-,3.7,0.616
S71,Teknik Mesin,5,Kalkulus II,3,A,4.0,0.616
S72,Teknik Elektro,1,Bahasa Inggris,2,A,4.0,0.857
S72,Teknik Elektro,1,Kimia Dasar,3,C,2.0,0.857
S72,Teknik Elektro,1,Agama,2,A,4.0,0.857
S72,Teknik Elektro,1,Matematika Diskrit,3,B-,2.7,0.857
S72,Teknik Elektro,1,Kalkulus I,3,B,3.0,0.857
S72,Teknik Elektro,1,Pancasila,2,A,4.0,0.857
S72,Teknik Elektro,1,Bahasa Indonesia,2,A,4.0,0.857
S72,Teknik Elektro,2,Bahasa Indonesia,2,A,4.0,0.857
S72,Teknik Elektro,2,Pengantar Matematika,2,A,4.0,0.857
S72,Teknik Elektro,2,Seminar,1,A,4.0,0.857
S72,Teknik Elektro,2,Fisika Dasar II,3,A-,3.7,0.857
S72,Teknik Elektro,2,Aljabar Linear,3,B,3.0,0.857
S72,Teknik Elektro,2,Kewirausahaan,2,A,4.0,0.857
S72,Teknik Elektro,3,Skripsi,6,A,4.0,0.857
S72,Teknik Elektro,3,Etika Profesi,2,A,4.0,0.857
S72,Teknik Elektro,3,Kewarganegaraan,2,A,4.0,0.857
S72,Teknik Elektro,3,Metodologi Penelitian,2,A,4.0,0.857
S72,Teknik Elektro,3,Kerja Praktik,3,A,4.0,0.857
S72,Teknik Elektro,3,Bahasa Indonesia,2,B+,3.3,0.857
S72,Teknik Elektro,3,Statistika Inferensial,3,A-,3.7,0.857
S72,Teknik Elektro,4,Statistika Inferensial,3,A,4.0,0.857
S72,Teknik Elektro,4,Agama,2,A-,3.7,0.857
S72,Teknik Elektro,4,Kalkulus III,3,C+,2.3,0.857
S72,Teknik Elektro,4,Kewarganegaraan,2,A,4.0,0.857
S72,Teknik Elektro,4,Statistika,3,A-,3.7,0.857
S72,Teknik Elektro,4,Pancasila,2,A-,3.7,0.857
S72,Teknik Elektro,5,Fisika Dasar I,3,B+,3.3,0.857
S72,Teknik Elektro,5,Kewirausahaan,2,A,4.0,0.857
S72,Teknik Elektro,5,Fisika,3,A,4.0,0.857
S72,Teknik Elektro,5,Bahasa Inggris,2,B+,3.3,0.857
S72,Teknik Elektro,5,Kimia Organik,3,B+,3.3,0.857
S73,Sistem Informasi,1,Pancasila,2,A-,3.7,0.37
S73,Sistem Informasi,1,Pemrograman Web,3,B+,3.3,0.37
S73,Sistem Informasi,1,Kimia Dasar,3,A-,3.7,0.37
S73,Sistem Informasi,1,Skripsi,6,A,4.0,0.37
S73,Sistem Informasi,1,Algoritma dan Pemrograman,4,B+,3.3,0.37
S73,Sistem Informasi,1,Kecerdasan Buatan,3,B+,3.3,0.37
S73,Sistem Informasi,2,Statistika Inferensial,3,B-,2.7,0.37
S73,Sistem Informasi,2,Pemrograman Berorientasi Objek,3,A-,3.7,0.37
S73,Sistem Informasi,2,Pembelajaran Mesin,3,A,4.0,0.37
S73,Sistem Informasi,2,Kewarganegaraan,2,A,4.0,0.37
S73,Sistem Informasi,2,Basis Data,3,C-,1.7,0.37
S73,Sistem Informasi,2,Sistem Operasi,3,A,4.0,0.37
S73,Sistem Informasi,3,Bahasa Indonesia,2,A-,3.7,0.37
S73,Sistem Informasi,3,Pemrograman Mobile,3,B,3.0,0.37
S73,Sistem Informasi,3,Jaringan Komputer,3,B-,2.7,0.37
S73,Sistem Informasi,3,Fisika Dasar II,3,A,4.0,0.37
S73,Sistem Informasi,3,Agama,2,B+,3.3,0.37
S73,Sistem Informasi,4,Bahasa Inggris,2,A-,3.7,0.37
S73,Sistem Informasi,4,Agama,2,A,4.0,0.37
S73,Sistem Informasi,4,Kimia Organik,3,A,4.0,0.37
S73,Sistem Informasi,4,Statistika,3,A-,3.7,0.37
S73,Sistem Informasi,4,Kalkulus I,3,A,4.0,0.37
S73,Sistem Informasi,5,Fisika Dasar I,3,A,4.0,0.37
S73,Sistem Informasi,5,Fisika,3,B+,3.3,0.37
S73,Sistem Informasi,5,Pengantar Matematika,2,A,4.0,0.37
S73,Sistem Informasi,5,Etika Profesi,2,B+,3.3,0.37
S73,Sistem Informasi,5,Grafika Komputer,3,B+,3.3,0.37
S73,Sistem Informasi,6,Kewirausahaan,2,A,4.0,0.37
S73,Sistem Informasi,6,Kewirausahaan,2,A,4.0,0.37
S73,Sistem Informasi,6,Kalkulus II,3,A-,3.7,0.37
S73,Sistem Informasi,6,Metodologi Penelitian,2,A,4.0,0.37
S73,Sistem Informasi,6,Bahasa Indonesia,2,A-,3.7,0.37
S74,Akuntansi,1,Matematika Diskrit,3,A-,3.7,0.328
S74,Akuntansi,1,Pengantar Ekonomi,3,B,3.0,0.328
S74,Akuntansi,1,Pemasaran,3,A-,3.7,0.328
S74,Akuntansi,1,Pancasila,2,A-,3.7,0.328
S74,Akuntansi,1,Seminar,1,A,4.0,0.328
S74,Akuntansi,2,Pancasila,2,B+,3.3,0.328
S74,Akuntansi,2,Kewarganegaraan,2,A-,3.7,0.328
S74,Akuntansi,2,Akuntansi Keuangan,3,C,2.0,0.328
S74,Akuntansi,2,Perilaku Organisasi,3,A,4.0,0.328
S74,Akuntansi,2,Kewirausahaan,2,B+,3.3,0.328
S74,Akuntansi,2,Statistika Inferensial,3,B+,3.3,0.328
S74,Akuntansi,2,Kerja Praktik,3,A,4.0,0.328
S74,Akuntansi,3,Kerja Praktik,3,A,4.0,0.328
S74,Akuntansi,3,Etika Profesi,2,B+,3.3,0.328
S74,Akuntansi,3,Manajemen,3,B-,2.7,0.328
S74,Akuntansi,3,Kewirausahaan,2,A,4.0,0.328
S74,Akuntansi,3,Pengantar Matematika,2,B,3.0,0.328
S74,Akuntansi,3,Kalkulus III,3,A,4.0,0.328
S74,Akuntansi,3,Bahasa Indonesia,2,A,4.0,0.328
S74,Akuntansi,4,Bahasa Indonesia,2,B+,3.3,0.328
S74,Akuntansi,4,Bahasa Indonesia,2,A-,3.7,0.328
S74,Akuntansi,4,Agama,2,B,3.0,0.328
S74,Akuntansi,4,Kalkulus I,3,A,4.0,0.328
S74,Akuntansi,4,Agama,2,B-,2.7,0.328
S74,Akuntansi,5,Bahasa Inggris,2,C+,2.3,0.328
S74,Akuntansi,5,Bahasa Inggris,2,A,4.0,0.328
S74,Akuntansi,5,Skripsi,6,B,3.0,0.328
S74,Akuntansi,5,Aljabar Linear,3,C+,2.3,0.328
S74,Akuntansi,5,Kalkulus II,3,B,3.0,0.328
S74,Akuntansi,5,Kewarganegaraan,2,A,4.0,0.328
S75,Teknik Mesin,1,Fisika Dasar I,3,A,4.0,0.691
S75,Teknik Mesin,1,Pancasila,2,A,4.0,0.691
S75,Teknik Mesin,1,Bahasa Inggris,2,A,4.0,0.691
S75,Teknik Mesin,1,Aljabar Linear,3,A,4.0,0.691
S75,Teknik Mesin,1,Kalkulus III,3,C+,2.3,0.691
S75,Teknik Mesin,1,Bahasa Inggris,2,A,4.0,0.691
S75,Teknik Mesin,1,Agama,2,A,4.0,0.691
S75,Teknik Mesin,2,Agama,2,A,4.0,0.691
S75,Teknik Mesin,2,Bahasa Indonesia,2,B+,3.3,0.691
S75,Teknik Mesin,2,Statistika Inferensial,3,B+,3.3,0.691
S75,Teknik Mesin,2,Kalkulus II,3,A-,3.7,0.691
S75,Teknik Mesin,2,Kewirausahaan,2,A,4.0,0.691
S75,Teknik Mesin,2,Metodologi Penelitian,2,A-,3.7,0.691
S75,Teknik Mesin,2,Agama,2,A-,3.7,0.691
S75,Teknik Mesin,3,Agama,2,A,4.0,0.691
S75,Teknik Mesin,3,Pengantar Matematika,2,B+,3.3,0.691
S75,Teknik Mesin,3,Fisika,3,A,4.0,0.691
S75,Teknik Mesin,3,Kimia Dasar,3,A-,3.7,0.691
S75,Teknik Mesin,3,Bahasa Indonesia,2,A,4.0,0.691
S75,Teknik Mesin,3,Kimia Organik,3,A-,3.7,0.691
S75,Teknik Mesin,4,Matematika Diskrit,3,A,4.0,0.691
S75,Teknik Mesin,4,Etika Profesi,2,A,4.0,0.691
S75,Teknik Mesin,4,Kewarganegaraan,2,A,4.0,0.691
S75,Teknik Mesin,4,Kalkulus I,3,A-,3.7,0.691
S75,Teknik Mesin,4,Pancasila,2,A,4.0,0.691
S75,Teknik Mesin,4,Skripsi,6,B+,3.3,0.691
S75,Teknik Mesin,4,Kewirausahaan,2,A,4.0,0.691
S75,Teknik Mesin,5,Kewirausahaan,2,A,4.0,0.691
S75,Teknik Mesin,5,Kewarganegaraan,2,A-,3.7,0.691
S75,Teknik Mesin,5,Kerja Praktik,3,A-,3.7,0.691
S75,Teknik Mesin,5,Statistika,3,A-,3.7,0.691
S75,Teknik Mesin,5,Fisika Dasar II,3,A,4.0,0.691
S75,Teknik Mesin,5,Seminar,1,A,4.0,0.691
S76,Hukum,1,Hukum Pidana,3,B+,3.3,0.407
S76,Hukum,1,Kewirausahaan,2,B-,2.7,0.407
S76,Hukum,1,Seminar,1,A,4.0,0.407
S76,Hukum,1,Kewarganegaraan,2,A,4.0,0.407
S76,Hukum,1,Pancasila,2,A,4.0,0.407
S76,Hukum,1,Metodologi Penelitian,2,A,4.0,0.407
S76,Hukum,2,Kewirausahaan,2,A-,3.7,0.407
S76,Hukum,2,Etika Profesi,2,B,3.0,0.407
S76,Hukum,2,Bahasa Indonesia,2,B+,3.3,0.407
S76,Hukum,2,Pengantar Ilmu Hukum,3,B,3.0,0.407
S76,Hukum,2,Hukum Perdata,3,A-,3.7,0.407
S76,Hukum,2,Bahasa Inggris,2,A,4.0,0.407
S76,Hukum,2,Agama,2,B+,3.3,0.407
S76,Hukum,3,Agama,2,A,4.0,0.407
S76,Hukum,3,Kerja Praktik,3,A,4.0,0.407
S76,Hukum,3,Bahasa Inggris,2,B+,3.3,0.407
S76,Hukum,3,Bahasa Indonesia,2,A-,3.7,0.407
S76,Hukum,3,Pancasila,2,A,4.0,0.407
S76,Hukum,4,Kewarganegaraan,2,A,4.0,0.407
S76,Hukum,4,Skripsi,6,A,4.0,0.407
S77,Manajemen,1,Kewirausahaan,2,B+,3.3,0.532
S77,Manajemen,1,Pancasila,2,B+,3.3,0.532
S77,Manajemen,1,Kerja Praktik,3,A,4.0,0.532
S77,Manajemen,1,Bahasa Indonesia,2,A-,3.7,0.532
S77,Manajemen,1,Etika Profesi,2,B,3.0,0.532
S77,Manajemen,1,Agama,2,B+,3.3,0.532
S77,Manajemen,2,Statistika,3,B+,3.3,0.532
S77,Manajemen,2,Bahasa Inggris,2,A,4.0,0.532
S77,Manajemen,2,Bahasa Indonesia,2,A,4.0,0.532
S77,Manajemen,2,Pancasila,2,A,4.0,0.532
S77,Manajemen,2,Skripsi,6,A,4.0,0.532
S77,Manajemen,2,Kewirausahaan,2,B,3.0,0.532
S77,Manajemen,2,Agama,2,A,4.0,0.532
S78,Ilmu Komunikasi,1,Kewarganegaraan,2,B+,3.3,0.523
S78,Ilmu Komunikasi,1,Pemasaran,3,A,4.0,0.523
S78,Ilmu Komunikasi,1,Kewarganegaraan,2,A,4.0,0.523
S78,Ilmu Komunikasi,1,Agama,2,A,4.0,0.523
S78,Ilmu Komunikasi,1,Seminar,1,A-,3.7,0.523
S78,Ilmu Komunikasi,1,Bahasa Indonesia,2,A-,3.7,0.523
S78,Ilmu Komunikasi,1,Komunikasi Massa,3,A-,3.7,0.523
S78,Ilmu Komunikasi,2,Komunikasi Massa,3,A,4.0,0.523
S78,Ilmu Komunikasi,2,Etika Profesi,2,A,4.0,0.523
S78,Ilmu Komunikasi,2,Pancasila,2,A-,3.7,0.523
S78,Ilmu Komunikasi,2,Pancasila,2,B+,3.3,0.523
S78,Ilmu Komunikasi,2,Metodologi Penelitian,2,B+,3.3,0.523
S78,Ilmu Komunikasi,3,Komunikasi Organisasi,3,A-,3.7,0.523
S78,Ilmu Komunikasi,3,Bahasa Inggris,2,A,4.0,0.523
S78,Ilmu Komunikasi,3,Bahasa Indonesia,2,B+,3.3,0.523
S78,Ilmu Komunikasi,3,Kewirausahaan,2,B,3.0,0.523
S78,Ilmu Komunikasi,3,Skripsi,6,B+,3.3,0.523
S78,Ilmu Komunikasi,3,Manajemen,3,B,3.0,0.523
S78,Ilmu Komunikasi,3,Kewirausahaan,2,A,4.0,0.523
S78,Ilmu Komunikasi,4,Kewirausahaan,2,B,3.0,0.523
S78,Ilmu Komunikasi,4,Kerja Praktik,3,A-,3.7,0.523
S78,Ilmu Komunikasi,4,Agama,2,A,4.0,0.523
S78,Ilmu Komunikasi,4,Perilaku Organisasi,3,A-,3.7,0.523
S79,Hukum,1,Kewirausahaan,2,A,4.0,0.441
S79,Hukum,1,Skripsi,6,B+,3.3,0.441
S79,Hukum,1,Metodologi Penelitian,2,B+,3.3,0.441
S79,Hukum,1,Hukum Perdata,3,B-,2.7,0.441
S79,Hukum,1,Kewarganegaraan,2,A,4.0,0.441
S79,Hukum,1,Kewarganegaraan,2,A,4.0,0.441
S79,Hukum,1,Agama,2,A,4.0,0.441
S79,Hukum,2,Agama,2,A-,3.7,0.441
S79,Hukum,2,Etika Profesi,2,B,3.0,0.441
S79,Hukum,2,Kewirausahaan,2,A-,3.7,0.441
S79,Hukum,2,Bahasa Inggris,2,A,4.0,0.441
S79,Hukum,2,Bahasa Inggris,2,A,4.0,0.441
S79,Hukum,2,Pancasila,2,A,4.0,0.441
S79,Hukum,3,Pancasila,2,A,4.0,0.441
S79,Hukum,3,Agama,2,A,4.0,0.441
S79,Hukum,3,Hukum Pidana,3,B-,2.7,0.441
S79,Hukum,3,Bahasa Indonesia,2,A,4.0,0.441
S79,Hukum,3,Bahasa Indonesia,2,A,4.0,0.441
S79,Hukum,3,Pengantar Ilmu Hukum,3,A,4.0,0.441
S79,Hukum,3,Seminar,1,A-,3.7,0.441
S79,Hukum,4,Seminar,1,A,4.0,0.441
S79,Hukum,4,Kerja Praktik,3,A-,3.7,0.441
S80,Sistem Informasi,1,Fisika Dasar I,3,A,4.0,0.661
S80,Sistem Informasi,1,Bahasa Indonesia,2,B+,3.3,0.661
S80,Sistem Informasi,1,Pemrograman Web,3,A-,3.7,0.661
S80,Sistem Informasi,1,Metodologi Penelitian,2,B,3.0,0.661
S80,Sistem Informasi,1,Matematika Diskrit,3,B,3.0,0.661
S80,Sistem Informasi,2,Rekayasa Perangkat Lunak,3,B,3.0,0.661
S80,Sistem Informasi,2,Pancasila,2,B+,3.3,0.661
S80,Sistem Informasi,2,Jaringan Komputer,3,B+,3.3,0.661
S80,Sistem Informasi,2,Fisika Dasar II,3,B+,3.3,0.661
S80,Sistem Informasi,2,Kewirausahaan,2,A,4.0,0.661
S80,Sistem Informasi,2,Kewarganegaraan,2,A,4.0,0.661
S80,Sistem Informasi,3,Algoritma dan Pemrograman,4,A,4.0,0.661
S80,Sistem Informasi,3,Bahasa Inggris,2,A-,3.7,0.661
S80,Sistem Informasi,3,Etika Profesi,2,A,4.0,0.661
S80,Sistem Informasi,3,Skripsi,6,A-,3.7,0.661
S80,Sistem Informasi,3,Kerja Praktik,3,B,3.0,0.661
S80,Sistem Informasi,3,Statistika Inferensial,3,A,4.0,0.661
S81,Teknik Sipil,1,Kalkulus I,3,A-,3.7,0.467
S81,Teknik Sipil,1,Agama,2,B+,3.3,0.467
S81,Teknik Sipil,1,Kalkulus II,3,A-,3.7,0.467
S81,Teknik Sipil,1,Bahasa Indonesia,2,A,4.0,0.467
S81,Teknik Sipil,1,Kewirausahaan,2,B+,3.3,0.467
S81,Teknik Sipil,2,Seminar,1,A-,3.7,0.467
S81,Teknik Sipil,2,Bahasa Indonesia,2,B+,3.3,0.467
S81,Teknik Sipil,2,Kerja Praktik,3,A,4.0,0.467
S81,Teknik Sipil,2,Matematika Diskrit,3,A-,3.7,0.467
S81,Teknik Sipil,2,Bahasa Inggris,2,A,4.0,0.467
S82,Farmasi,1,Metodologi Penelitian,2,A-,3.7,0.338
S82,Farmasi,1,Farmakologi,4,C+,2.3,0.338
S82,Farmasi,1,Etika Profesi,2,B+,3.3,0.338
S82,Farmasi,1,Kerja Praktik,3,B+,3.3,0.338
S82,Farmasi,1,Genetika,3,A,4.0,0.338
S82,Farmasi,1,Kewarganegaraan,2,B+,3.3,0.338
S82,Farmasi,1,Bahasa Indonesia,2,A-,3.7,0.338
S82,Farmasi,2,Bahasa Indonesia,2,A,4.0,0.338
S82,Farmasi,2,Agama,2,A,4.0,0.338
S82,Farmasi,2,Pancasila,2,A,4.0,0.338
S82,Farmasi,2,Biokimia,3,A,4.0,0.338
S82,Farmasi,2,Agama,2,A,4.0,0.338
S82,Farmasi,2,Bahasa Indonesia,2,B+,3.3,0.338
S82,Farmasi,3,Kewirausahaan,2,A-,3.7,0.338
S82,Farmasi,3,Bahasa Inggris,2,B+,3.3,0.338
S82,Farmasi,3,Pancasila,2,A-,3.7,0.338
S82,Farmasi,3,Kewirausahaan,2,A,4.0,0.338
S82,Farmasi,3,Fisiologi,4,C-,1.7,0.338
S82,Farmasi,3,Skripsi,6,C+,2.3,0.338
S82,Farmasi,4,Kewarganegaraan,2,A,4.0,0.338
S82,Farmasi,4,Anatomi,4,B-,2.7,0.338
S82,Farmasi,4,Kimia Organik,3,A-,3.7,0.338
S82,Farmasi,4,Kimia Dasar,3,B-,2.7,0.338
S82,Farmasi,4,Bahasa Inggris,2,A,4.0,0.338
S82,Farmasi,4,Mikrobiologi,3,C+,2.3,0.338
S82,Farmasi,5,Seminar,1,A,4.0,0.338
S83,Manajemen,1,Bahasa Inggris,2,A-,3.7,0.446
S83,Manajemen,1,Bahasa Indonesia,2,A-,3.7,0.446
S83,Manajemen,1,Kalkulus I,3,A-,3.7,0.446
S83,Manajemen,1,Akuntansi Keuangan,3,B,3.0,0.446
S83,Manajemen,1,Aljabar Linear,3,B+,3.3,0.446
S83,Manajemen,2,Seminar,1,A-,3.7,0.446
S83,Manajemen,2,Kewarganegaraan,2,A,4.0,0.446
S83,Manajemen,2,Matematika Diskrit,3,B,3.0,0.446
S83,Manajemen,2,Statistika,3,A,4.0,0.446
S83,Manajemen,2,Pancasila,2,A-,3.7,0.446
S83,Manajemen,3,Metodologi Penelitian,2,A,4.0,0.446
S83,Manajemen,3,Pancasila,2,A,4.0,0.446
S83,Manajemen,3,Pemasaran,3,A,4.0,0.446
S83,Manajemen,3,Agama,2,A,4.0,0.446
S83,Manajemen,3,Pengantar Matematika,2,A,4.0,0.446
S83,Manajemen,3,Perilaku Organisasi,3,B+,3.3,0.446
S83,Manajemen,3,Kewirausahaan,2,A,4.0,0.446
S83,Manajemen,4,Kewirausahaan,2,B,3.0,0.446
S83,Manajemen,4,Kerja Praktik,3,A-,3.7,0.446
S83,Manajemen,4,Kalkulus II,3,C+,2.3,0.446
S83,Manajemen,4,Pengantar Ekonomi,3,A,4.0,0.446
S83,Manajemen,4,Manajemen,3,A-,3.7,0.446
S83,Manajemen,4,Kewirausahaan,2,A-,3.7,0.446
S83,Manajemen,4,Bahasa Inggris,2,B+,3.3,0.446
S83,Manajemen,5,Bahasa Inggris,2,A,4.0,0.446
S83,Manajemen,5,Kalkulus III,3,A,4.0,0.446
S83,Manajemen,5,Kewarganegaraan,2,A,4.0,0.446
S83,Manajemen,5,Etika Profesi,2,A-,3.7,0.446
S83,Manajemen,5,Agama,2,A-,3.7,0.446
S83,Manajemen,5,Statistika Inferensial,3,A-,3.7,0.446
S84,Sistem Informasi,1,Basis Data,3,A,4.0,0.469
S84,Sistem Informasi,1,Kalkulus II,3,A-,3.7,0.469
S84,Sistem Informasi,1,Rekayasa Perangkat Lunak,3,B+,3.3,0.469
S84,Sistem Informasi,1,Pancasila,2,A,4.0,0.469
S84,Sistem Informasi,1,Kewarganegaraan,2,A,4.0,0.469
S84,Sistem Informasi,1,Bahasa Inggris,2,A-,3.7,0.469
S84,Sistem Informasi,2,Bahasa Inggris,2,A,4.0,0.469
S84,Sistem Informasi,2,Fisika Dasar II,3,C+,2.3,0.469
S84,Sistem Informasi,2,Kalkulus I,3,A,4.0,0.469
S84,Sistem Informasi,2,Struktur Data,3,A-,3.7,0.469
S84,Sistem Informasi,2,Agama,2,A,4.0,0.469
S85,Ilmu Komunikasi,1,Seminar,1,A,4.0,0.759
S85,Ilmu Komunikasi,1,Pemasaran,3,A,4.0,0.759
S85,Ilmu Komunikasi,1,Bahasa Indonesia,2,A-,3.7,0.759
S85,Ilmu Komunikasi,1,Skripsi,6,B,3.0,0.759
S85,Ilmu Komunikasi,1,Pancasila,2,A,4.0,0.759
S85,Ilmu Komunikasi,1,Kewirausahaan,2,A,4.0,0.759
S85,Ilmu Komunikasi,2,Kewarganegaraan,2,A,4.0,0.759
S85,Ilmu Komunikasi,2,Kewarganegaraan,2,A-,3.7,0.759
S85,Ilmu Komunikasi,2,Manajemen,3,A,4.0,0.759
S85,Ilmu Komunikasi,2,Pancasila,2,B+,3.3,0.759
S85,Ilmu Komunikasi,2,Kerja Praktik,3,A,4.0,0.759
S85,Ilmu Komunikasi,3,Etika Profesi,2,A,4.0,0.759
S85,Ilmu Komunikasi,3,Agama,2,A,4.0,0.759
S85,Ilmu Komunikasi,3,Komunikasi Massa,3,A,4.0,0.759
S85,Ilmu Komunikasi,3,Agama,2,B+,3.3,0.759
S85,Ilmu Komunikasi,3,Bahasa Indonesia,2,A,4.0,0.759
S85,Ilmu Komunikasi,3,Bahasa Inggris,2,A,4.0,0.759
S85,Ilmu Komunikasi,3,Bahasa Inggris,2,A,4.0,0.759
S85,Ilmu Komunikasi,4,Bahasa Inggris,2,B+,3.3,0.759
S85,Ilmu Komunikasi,4,Perilaku Organisasi,3,A,4.0,0.759
S85,Ilmu Komunikasi,4,Metodologi Penelitian,2,A,4.0,0.759
S85,Ilmu Komunikasi,4,Kewirausahaan,2,B-,2.7,0.759
S86,Farmasi,1,Kerja Praktik,3,A,4.0,0.812
S86,Farmasi,1,Genetika,3,B+,3.3,0.812
S86,Farmasi,1,Farmakologi,4,C+,2.3,0.812
S86,Farmasi,1,Seminar,1,A,4.0,0.812
S86,Farmasi,1,Kewarganegaraan,2,A,4.0,0.812
S86,Farmasi,2,Pancasila,2,B+,3.3,0.812
S86,Farmasi,2,Kewirausahaan,2,A-,3.7,0.812
S86,Farmasi,2,Kewirausahaan,2,B+,3.3,0.812
S86,Farmasi,2,Mikrobiologi,3,B+,3.3,0.812
S86,Farmasi,2,Kimia Dasar,3,B+,3.3,0.812
S86,Farmasi,3,Etika Profesi,2,A,4.0,0.812
S86,Farmasi,3,Biokimia,3,B+,3.3,0.812
S86,Farmasi,3,Agama,2,B+,3.3,0.812
S86,Farmasi,3,Pancasila,2,B+,3.3,0.812
S86,Farmasi,3,Agama,2,B,3.0,0.812
S86,Farmasi,4,Anatomi,4,B+,3.3,0.812
S86,Farmasi,4,Skripsi,6,A,4.0,0.812
S86,Farmasi,4,Kimia Organik,3,A-,3.7,0.812
S86,Farmasi,4,Bahasa Indonesia,2,A,4.0,0.812
S86,Farmasi,4,Bahasa Indonesia,2,A,4.0,0.812
S86,Farmasi,5,Bahasa Inggris,2,A,4.0,0.812
S87,Farmasi,1,Anatomi,4,A,4.0,0.798
S87,Farmasi,1,Mikrobiologi,3,A-,3.7,0.798
S87,Farmasi,1,Skripsi,6,B+,3.3,0.798
S87,Farmasi,1,Kewarganegaraan,2,A,4.0,0.798
S87,Farmasi,1,Kewirausahaan,2,A,4.0,0.798
S87,Farmasi,1,Kimia Dasar,3,A,4.0,0.798
S87,Farmasi,2,Etika Profesi,2,A-,3.7,0.798
S87,Farmasi,2,Pancasila,2,A,4.0,0.798
S87,Farmasi,2,Bahasa Inggris,2,B,3.0,0.798
S87,Farmasi,2,Pancasila,2,B,3.0,0.798
S87,Farmasi,2,Bahasa Inggris,2,A,4.0,0.798
S87,Farmasi,2,Agama,2,B+,3.3,0.798
S87,Farmasi,2,Kerja Praktik,3,A,4.0,0.798
S87,Farmasi,3,Kerja Praktik,3,A,4.0,0.798
S87,Farmasi,3,Kewarganegaraan,2,A,4.0,0.798
S87,Farmasi,3,Kewirausahaan,2,A,4.0,0.798
S87,Farmasi,3,Agama,2,A,4.0,0.798
S87,Farmasi,3,Fisiologi,4,B+,3.3,0.798
S87,Farmasi,3,Seminar,1,A-,3.7,0.798
S87,Farmasi,4,Biokimia,3,B+,3.3,0.798
S87,Farmasi,4,Farmakologi,4,A-,3.7,0.798
S87,Farmasi,4,Bahasa Indonesia,2,A,4.0,0.798
S87,Farmasi,4,Metodologi Penelitian,2,A,4.0,0.798
S87,Farmasi,4,Bahasa Indonesia,2,A-,3.7,0.798
S87,Farmasi,4,Genetika,3,A-,3.7,0.798
S87,Farmasi,4,Kimia Organik,3,A,4.0,0.798
S87,Farmasi,5,Kimia Organik,3,A-,3.7,0.798
S88,Ilmu Komunikasi,1,Bahasa Indonesia,2,A,4.0,0.491
S88,Ilmu Komunikasi,1,Pancasila,2,A,4.0,0.491
S88,Ilmu Komunikasi,1,Bahasa Inggris,2,A,4.0,0.491
S88,Ilmu Komunikasi,1,Kerja Praktik,3,A,4.0,0.491
S88,Ilmu Komunikasi,1,Komunikasi Organisasi,3,A-,3.7,0.491
S88,Ilmu Komunikasi,1,Kewirausahaan,2,B-,2.7,0.491
S88,Ilmu Komunikasi,2,Kewarganegaraan,2,A,4.0,0.491
S88,Ilmu Komunikasi,2,Kewarganegaraan,2,A-,3.7,0.491
S88,Ilmu Komunikasi,2,Agama,2,A,4.0,0.491
S88,Ilmu Komunikasi,2,Pancasila,2,A,4.0,0.491
S88,Ilmu Komunikasi,2,Perilaku Organisasi,3,B+,3.3,0.491
S88,Ilmu Komunikasi,2,Metodologi Penelitian,2,B,3.0,0.491
S88,Ilmu Komunikasi,3,Skripsi,6,A-,3.7,0.491
S88,Ilmu Komunikasi,3,Seminar,1,A-,3.7,0.491
S88,Ilmu Komunikasi,3,Agama,2,A,4.0,0.491
S88,Ilmu Komunikasi,3,Komunikasi Massa,3,B,3.0,0.491
S88,Ilmu Komunikasi,3,Pemasaran,3,B+,3.3,0.491
S88,Ilmu Komunikasi,4,Manajemen,3,A-,3.7,0.491
S88,Ilmu Komunikasi,4,Bahasa Indonesia,2,A,4.0,0.491
S88,Ilmu Komunikasi,4,Kewirausahaan,2,A,4.0,0.491
S88,Ilmu Komunikasi,4,Bahasa Inggris,2,A-,3.7,0.491
S89,Farmasi,1,Pancasila,2,A,4.0,0.594
S89,Farmasi,1,Biokimia,3,C-,1.7,0.594
S89,Farmasi,1,Kewarganegaraan,2,A-,3.7,0.594
S89,Farmasi,1,Metodologi Penelitian,2,A,4.0,0.594
S89,Farmasi,1,Fisiologi,4,A-,3.7,0.594
S89,Farmasi,2,Skripsi,6,A-,3.7,0.594
S89,Farmasi,2,Kerja Praktik,3,A,4.0,0.594
S89,Farmasi,2,Bahasa Indonesia,2,A-,3.7,0.594
S89,Farmasi,2,Agama,2,A,4.0,0.594
S89,Farmasi,2,Bahasa Inggris,2,A,4.0,0.594
S89,Farmasi,2,Seminar,1,A,4.0,0.594
S89,Farmasi,3,Kewirausahaan,2,B+,3.3,0.594
S89,Farmasi,3,Bahasa Indonesia,2,A,4.0,0.594
S89,Farmasi,3,Bahasa Inggris,2,A,4.0,0.594
S89,Farmasi,3,Kewirausahaan,2,A-,3.7,0.594
S89,Farmasi,3,Kewarganegaraan,2,A,4.0,0.594
S89,Farmasi,3,Farmakologi,4,B+,3.3,0.594
S89,Farmasi,4,Agama,2,A,4.0,0.594
S89,Farmasi,4,Pancasila,2,A,4.0,0.594
S89,Farmasi,4,Mikrobiologi,3,B+,3.3,0.594
S89,Farmasi,4,Kimia Organik,3,B-,2.7,0.594
S89,Farmasi,4,Genetika,3,B-,2.7,0.594
S89,Farmasi,5,Anatomi,4,B-,2.7,0.594
S90,Teknik Elektro,1,Fisika,3,B,3.0,0.628
S90,Teknik Elektro,1,Fisika Dasar I,3,B+,3.3,0.628
S90,Teknik Elektro,1,Metodologi Penelitian,2,A-,3.7,0.628
S90,Teknik Elektro,1,Kalkulus III,3,B-,2.7,0.628
S90,Teknik Elektro,1,Agama,2,A-,3.7,0.628
S90,Teknik Elektro,1,Bahasa Inggris,2,A,4.0,0.628
S90,Teknik Elektro,2,Bahasa Inggris,2,A,4.0,0.628
S90,Teknik Elektro,2,Kimia Organik,3,B,3.0,0.628
S90,Teknik Elektro,2,Kalkulus II,3,B-,2.7,0.628
S90,Teknik Elektro,2,Kimia Dasar,3,A-,3.7,0.628
S90,Teknik Elektro,2,Bahasa Indonesia,2,B+,3.3,0.628
S90,Teknik Elektro,2,Etika Profesi,2,B+,3.3,0.628
S90,Teknik Elektro,3,Bahasa Indonesia,2,B+,3.3,0.628
S90,Teknik Elektro,3,Pancasila,2,A-,3.7,0.628
S90,Teknik Elektro,3,Seminar,1,A-,3.7,0.628
S90,Teknik Elektro,3,Fisika Dasar II,3,A,4.0,0.628
S90,Teknik Elektro,3,Statistika Inferensial,3,B+,3.3,0.628
S90,Teknik Elektro,3,Pengantar Matematika,2,A,4.0,0.628
S90,Teknik Elektro,3,Kewirausahaan,2,A,4.0,0.628
S90,Teknik Elektro,4,Kewirausahaan,2,A-,3.7,0.628
S90,Teknik Elektro,4,Kewarganegaraan,2,B,3.0,0.628
S90,Teknik Elektro,4,Kewirausahaan,2,A,4.0,0.628
S90,Teknik Elektro,4,Pancasila,2,A,4.0,0.628
S90,Teknik Elektro,4,Agama,2,A-,3.7,0.628
S90,Teknik Elektro,4,Kewarganegaraan,2,B+,3.3,0.628
S90,Teknik Elektro,4,Kerja Praktik,3,A,4.0,0.628
S90,Teknik Elektro,5,Kerja Praktik,3,A,4.0,0.628
S90,Teknik Elektro,5,Skripsi,6,A,4.0,0.628
S90,Teknik Elektro,5,Matematika Diskrit,3,A,4.0,0.628
S90,Teknik Elektro,5,Statistika,3,B,3.0,0.628
S90,Teknik Elektro,5,Aljabar Linear,3,A-,3.7,0.628
S90,Teknik Elektro,5,Kalkulus I,3,B,3.0,0.628
S91,Manajemen,1,Pemasaran,3,A-,3.7,0.566
S91,Manajemen,1,Kalkulus I,3,A,4.0,0.566
S91,Manajemen,1,Statistika Inferensial,3,B-,2.7,0.566
S91,Manajemen,1,Bahasa Indonesia,2,A,4.0,0.566
S91,Manajemen,1,Manajemen,3,A-,3.7,0.566
S91,Manajemen,2,Pancasila,2,A,4.0,0.566
S91,Manajemen,2,Perilaku Organisasi,3,B+,3.3,0.566
S91,Manajemen,2,Statistika,3,A-,3.7,0.566
S91,Manajemen,2,Kewarganegaraan,2,A-,3.7,0.566
S91,Manajemen,2,Pancasila,2,A,4.0,0.566
S91,Manajemen,2,Akuntansi Keuangan,3,A,4.0,0.566
S91,Manajemen,2,Kalkulus III,3,B+,3.3,0.566
S91,Manajemen,3,Kalkulus III,3,B-,2.7,0.566
S91,Manajemen,3,Agama,2,A,4.0,0.566
S91,Manajemen,3,Kewirausahaan,2,A,4.0,0.566
S91,Manajemen,3,Skripsi,6,A-,3.7,0.566
S91,Manajemen,3,Bahasa Inggris,2,A,4.0,0.566
S91,Manajemen,3,Kewirausahaan,2,A,4.0,0.566
S91,Manajemen,3,Agama,2,A-,3.7,0.566
S91,Manajemen,4,Agama,2,B+,3.3,0.566
S91,Manajemen,4,Etika Profesi,2,A,4.0,0.566
S91,Manajemen,4,Kewarganegaraan,2,A,4.0,0.566
S91,Manajemen,4,Kalkulus II,3,B,3.0,0.566
S91,Manajemen,4,Aljabar Linear,3,B+,3.3,0.566
S91,Manajemen,4,Seminar,1,A,4.0,0.566
S91,Manajemen,4,Metodologi Penelitian,2,B+,3.3,0.566
S91,Manajemen,5,Metodologi Penelitian,2,A-,3.7,0.566
S91,Manajemen,5,Bahasa Indonesia,2,B+,3.3,0.566
S91,Manajemen,5,Kerja Praktik,3,A,4.0,0.566
S91,Manajemen,5,Matematika Diskrit,3,B,3.0,0.566
S91,Manajemen,5,Bahasa Inggris,2,A-,3.7,0.566
S91,Manajemen,5,Pengantar Ekonomi,3,A-,3.7,0.566
S92,Teknik Elektro,1,Kalkulus II,3,C-,1.7,0.161
S92,Teknik Elektro,1,Kerja Praktik,3,A-,3.7,0.161
S92,Teknik Elektro,1,Seminar,1,A-,3.7,0.161
S92,Teknik Elektro,1,Pancasila,2,A,4.0,0.161
S92,Teknik Elektro,1,Pengantar Matematika,2,A-,3.7,0.161
S92,Teknik Elektro,1,Kimia Dasar,3,B,3.0,0.161
S92,Teknik Elektro,2,Agama,2,A-,3.7,0.161
S92,Teknik Elektro,2,Metodologi Penelitian,2,B,3.0,0.161
S92,Teknik Elektro,2,Aljabar Linear,3,B,3.0,0.161
S92,Teknik Elektro,2,Agama,2,A-,3.7,0.161
S92,Teknik Elektro,2,Kewirausahaan,2,B+,3.3,0.161
S92,Teknik Elektro,2,Fisika Dasar I,3,B+,3.3,0.161
S92,Teknik Elektro,2,Kimia Organik,3,C,2.0,0.161
S92,Teknik Elektro,3,Kimia Organik,3,B+,3.3,0.161
S92,Teknik Elektro,3,Kewarganegaraan,2,B+,3.3,0.161
S92,Teknik Elektro,3,Kalkulus I,3,C,2.0,0.161
S92,Teknik Elektro,3,Statistika,3,A-,3.7,0.161
S92,Teknik Elektro,3,Fisika,3,B-,2.7,0.161
S92,Teknik Elektro,3,Etika Profesi,2,B,3.0,0.161
S92,Teknik Elektro,4,Bahasa Indonesia,2,A-,3.7,0.161
S92,Teknik Elektro,4,Pancasila,2,A,4.0,0.161
S92,Teknik Elektro,4,Kewarganegaraan,2,A,4.0,0.161
S92,Teknik Elektro,4,Kalkulus III,3,C+,2.3,0.161
S92,Teknik Elektro,4,Statistika Inferensial,3,C-,1.7,0.161
S92,Teknik Elektro,4,Fisika Dasar II,3,C+,2.3,0.161
S92,Teknik Elektro,5,Bahasa Inggris,2,B,3.0,0.161
S92,Teknik Elektro,5,Bahasa Indonesia,2,B+,3.3,0.161
S92,Teknik Elektro,5,Matematika Diskrit,3,A,4.0,0.161
S92,Teknik Elektro,5,Bahasa Inggris,2,A,4.0,0.161
S92,Teknik Elektro,5,Kewirausahaan,2,A,4.0,0.161
S92,Teknik Elektro,5,Skripsi,6,C+,2.3,0.161
S93,Teknik Elektro,1,Bahasa Inggris,2,A-,3.7,0.81
S93,Teknik Elektro,1,Kimia Organik,3,A,4.0,0.81
S93,Teknik Elektro,1,Kalkulus III,3,A-,3.7,0.81
S93,Teknik Elektro,1,Kerja Praktik,3,B+,3.3,0.81
S93,Teknik Elektro,1,Aljabar Linear,3,B+,3.3,0.81
S93,Teknik Elektro,1,Kewarganegaraan,2,A,4.0,0.81
S93,Teknik Elektro,1,Bahasa Indonesia,2,B+,3.3,0.81
S93,Teknik Elektro,2,Bahasa Indonesia,2,A,4.0,0.81
S93,Teknik Elektro,2,Fisika,3,B,3.0,0.81
S93,Teknik Elektro,2,Kewarganegaraan,2,A,4.0,0.81
S93,Teknik Elektro,2,Fisika Dasar I,3,B+,3.3,0.81
S93,Teknik Elektro,2,Metodologi Penelitian,2,A,4.0,0.81
S93,Teknik Elektro,2,Pancasila,2,A,4.0,0.81
S93,Teknik Elektro,2,Pengantar Matematika,2,A-,3.7,0.81
S93,Teknik Elektro,3,Pengantar Matematika,2,A,4.0,0.81
S93,Teknik Elektro,3,Bahasa Inggris,2,A-,3.7,0.81
S93,Teknik Elektro,3,Etika Profesi,2,A,4.0,0.81
S93,Teknik Elektro,3,Statistika,3,A-,3.7,0.81
S93,Teknik Elektro,3,Statistika Inferensial,3,A,4.0,0.81
S93,Teknik Elektro,4,Agama,2,A,4.0,0.81
S93,Teknik Elektro,4,Kalkulus II,3,A,4.0,0.81
S93,Teknik Elektro,4,Pancasila,2,A-,3.7,0.81
S93,Teknik Elektro,4,Kewirausahaan,2,A-,3.7,0.81
S93,Teknik Elektro,4,Skripsi,6,B+,3.3,0.81
S93,Teknik Elektro,4,Matematika Diskrit,3,A,4.0,0.81
S93,Teknik Elektro,4,Kalkulus I,3,A,4.0,0.81
S94,Akuntansi,1,Bahasa Indonesia,2,A-,3.7,0.879
S94,Akuntansi,1,Kalkulus II,3,A,4.0,0.879
S94,Akuntansi,1,Kewarganegaraan,2,A,4.0,0.879
S94,Akuntansi,1,Pancasila,2,A-,3.7,0.879
S94,Akuntansi,1,Kewirausahaan,2,A,4.0,0.879
S94,Akuntansi,2,Pancasila,2,A,4.0,0.879
S94,Akuntansi,2,Pemasaran,3,B+,3.3,0.879
S94,Akuntansi,2,Bahasa Inggris,2,A,4.0,0.879
S94,Akuntansi,2,Metodologi Penelitian,2,A,4.0,0.879
S94,Akuntansi,2,Agama,2,B-,2.7,0.879
S94,Akuntansi,2,Kalkulus I,3,A,4.0,0.879
S94,Akuntansi,3,Skripsi,6,A,4.0,0.879
S94,Akuntansi,3,Kewirausahaan,2,B+,3.3,0.879
S94,Akuntansi,3,Statistika Inferensial,3,B+,3.3,0.879
S94,Akuntansi,3,Seminar,1,A,4.0,0.879
S94,Akuntansi,3,Etika Profesi,2,A,4.0,0.879
S94,Akuntansi,3,Agama,2,A,4.0,0.879
S94,Akuntansi,3,Bahasa Indonesia,2,A,4.0,0.879
S94,Akuntansi,4,Bahasa Indonesia,2,C+,2.3,0.879
S94,Akuntansi,4,Kerja Praktik,3,A,4.0,0.879
S94,Akuntansi,4,Matematika Diskrit,3,A,4.0,0.879
S94,Akuntansi,4,Manajemen,3,A-,3.7,0.879
S94,Akuntansi,4,Statistika,3,A,4.0,0.879
S94,Akuntansi,5,Kewarganegaraan,2,A,4.0,0.879
S94,Akuntansi,5,Aljabar Linear,3,A,4.0,0.879
S94,Akuntansi,5,Kalkulus III,3,A,4.0,0.879
S94,Akuntansi,5,Pengantar Ekonomi,3,A,4.0,0.879
S94,Akuntansi,5,Perilaku Organisasi,3,A-,3.7,0.879
S94,Akuntansi,5,Akuntansi Keuangan,3,A-,3.7,0.879
S95,Akuntansi,1,Bahasa Inggris,2,A,4.0,0.233
S95,Akuntansi,1,Matematika Diskrit,3,A-,3.7,0.233
S95,Akuntansi,1,Perilaku Organisasi,3,A,4.0,0.233
S95,Akuntansi,1,Aljabar Linear,3,B,3.0,0.233
S95,Akuntansi,1,Kalkulus II,3,B+,3.3,0.233
S95,Akuntansi,1,Statistika,3,B,3.0,0.233
S95,Akuntansi,2,Bahasa Indonesia,2,A,4.0,0.233
S95,Akuntansi,2,Pancasila,2,A,4.0,0.233
S95,Akuntansi,2,Kewarganegaraan,2,A,4.0,0.233
S95,Akuntansi,2,Manajemen,3,B+,3.3,0.233
S95,Akuntansi,2,Bahasa Indonesia,2,A-,3.7,0.233
S95,Akuntansi,3,Kalkulus III,3,A-,3.7,0.233
S95,Akuntansi,3,Pemasaran,3,B+,3.3,0.233
S95,Akuntansi,3,Kalkulus I,3,B+,3.3,0.233
S95,Akuntansi,3,Kewirausahaan,2,B+,3.3,0.233
S95,Akuntansi,3,Skripsi,6,A,4.0,0.233
S95,Akuntansi,3,Statistika Inferensial,3,B+,3.3,0.233
S95,Akuntansi,3,Metodologi Penelitian,2,A,4.0,0.233
S95,Akuntansi,4,Metodologi Penelitian,2,B+,3.3,0.233
S95,Akuntansi,4,Agama,2,A,4.0,0.233
S95,Akuntansi,4,Pengantar Matematika,2,A-,3.7,0.233
S95,Akuntansi,4,Pancasila,2,A-,3.7,0.233
S95,Akuntansi,4,Kewarganegaraan,2,B,3.0,0.233
S95,Akuntansi,4,Kerja Praktik,3,A,4.0,0.233
S95,Akuntansi,5,Pengantar Ekonomi,3,A-,3.7,0.233
S95,Akuntansi,5,Etika Profesi,2,A-,3.7,0.233
S95,Akuntansi,5,Kewirausahaan,2,A,4.0,0.233
S95,Akuntansi,5,Seminar,1,A-,3.7,0.233
S95,Akuntansi,5,Bahasa Inggris,2,A-,3.7,0.233
S95,Akuntansi,5,Akuntansi Keuangan,3,A-,3.7,0.233
S96,Farmasi,1,Etika Profesi,2,A,4.0,0.456
S96,Farmasi,1,Bahasa Indonesia,2,A-,3.7,0.456
S96,Farmasi,1,Kewirausahaan,2,A,4.0,0.456
S96,Farmasi,1,Mikrobiologi,3,B-,2.7,0.456
S96,Farmasi,1,Skripsi,6,C+,2.3,0.456
S96,Farmasi,1,Bahasa Indonesia,2,B-,2.7,0.456
S96,Farmasi,1,Pancasila,2,A,4.0,0.456
S96,Farmasi,2,Pancasila,2,A,4.0,0.456
S96,Farmasi,2,Kewirausahaan,2,A,4.0,0.456
S96,Farmasi,2,Agama,2,A,4.0,0.456
S96,Farmasi,2,Bahasa Inggris,2,A,4.0,0.456
S96,Farmasi,2,Agama,2,B,3.0,0.456
S96,Farmasi,2,Kimia Dasar,3,A,4.0,0.456
S96,Farmasi,3,Kewarganegaraan,2,A,4.0,0.456
S96,Farmasi,3,Pancasila,2,A,4.0,0.456
S96,Farmasi,3,Genetika,3,A,4.0,0.456
S96,Farmasi,3,Kimia Organik,3,A,4.0,0.456
S96,Farmasi,3,Kerja Praktik,3,A-,3.7,0.456
S96,Farmasi,3,Biokimia,3,C+,2.3,0.456
S96,Farmasi,4,Fisiologi,4,A,4.0,0.456
S96,Farmasi,4,Farmakologi,4,A,4.0,0.456
S96,Farmasi,4,Kewarganegaraan,2,A-,3.7,0.456
S96,Farmasi,4,Metodologi Penelitian,2,A,4.0,0.456
S96,Farmasi,4,Bahasa Inggris,2,A-,3.7,0.456
S96,Farmasi,5,Seminar,1,A,4.0,0.456
S97,Kedokteran,1,Kimia Organik,3,A-,3.7,0.325
S97,Kedokteran,1,Agama,2,B+,3.3,0.325
S97,Kedokteran,1,Bahasa Indonesia,2,A,4.0,0.325
S97,Kedokteran,1,Kewirausahaan,2,A,4.0,0.325
S97,Kedokteran,1,Kerja Praktik,3,A,4.0,0.325
S97,Kedokteran,2,Anatomi,4,B-,2.7,0.325
S97,Kedokteran,2,Bahasa Indonesia,2,A-,3.7,0.325
S97,Kedokteran,2,Agama,2,A,4.0,0.325
S97,Kedokteran,2,Metodologi Penelitian,2,A,4.0,0.325
S97,Kedokteran,2,Biokimia,3,A-,3.7,0.325
S97,Kedokteran,2,Bahasa Inggris,2,A,4.0,0.325
S97,Kedokteran,3,Mikrobiologi,3,B+,3.3,0.325
S97,Kedokteran,3,Skripsi,6,B,3.0,0.325
S97,Kedokteran,3,Etika Profesi,2,A,4.0,0.325
S97,Kedokteran,3,Pancasila,2,A-,3.7,0.325
S97,Kedokteran,3,Kewirausahaan,2,A,4.0,0.325
S97,Kedokteran,3,Kewarganegaraan,2,A-,3.7,0.325
S97,Kedokteran,3,Kewarganegaraan,2,B,3.0,0.325
S97,Kedokteran,4,Kewarganegaraan,2,A,4.0,0.325
S97,Kedokteran,4,Bahasa Inggris,2,A-,3.7,0.325
S97,Kedokteran,4,Genetika,3,B+,3.3,0.325
S97,Kedokteran,4,Seminar,1,A,4.0,0.325
S97,Kedokteran,4,Farmakologi,4,B+,3.3,0.325
S97,Kedokteran,5,Kimia Dasar,3,A,4.0,0.325
S98,Manajemen,1,Pancasila,2,B+,3.3,0.207
S98,Manajemen,1,Bahasa Inggris,2,A-,3.7,0.207
S98,Manajemen,1,Akuntansi Keuangan,3,C+,2.3,0.207
S98,Manajemen,1,Agama,2,B+,3.3,0.207
S98,Manajemen,1,Skripsi,6,C,2.0,0.207
S98,Manajemen,1,Pancasila,2,A-,3.7,0.207
S98,Manajemen,1,Seminar,1,A-,3.7,0.207
S98,Manajemen,2,Seminar,1,A,4.0,0.207
S98,Manajemen,2,Perilaku Organisasi,3,A-,3.7,0.207
S98,Manajemen,2,Kewirausahaan,2,B,3.0,0.207
S98,Manajemen,2,Pengantar Ekonomi,3,A,4.0,0.207
S98,Manajemen,2,Bahasa Indonesia,2,A,4.0,0.207
S98,Manajemen,3,Kerja Praktik,3,A,4.0,0.207
S98,Manajemen,3,Bahasa Inggris,2,A,4.0,0.207
S98,Manajemen,3,Agama,2,B+,3.3,0.207
S98,Manajemen,3,Pengantar Matematika,2,A,4.0,0.207
S98,Manajemen,3,Statistika,3,B-,2.7,0.207
S98,Manajemen,3,Bahasa Indonesia,2,A-,3.7,0.207
S98,Manajemen,3,Metodologi Penelitian,2,A-,3.7,0.207
S98,Manajemen,4,Metodologi Penelitian,2,C+,2.3,0.207
S98,Manajemen,4,Kewarganegaraan,2,A-,3.7,0.207
S98,Manajemen,4,Kalkulus I,3,C+,2.3,0.207
S98,Manajemen,4,Kalkulus II,3,B-,2.7,0.207
S98,Manajemen,4,Pemasaran,3,B+,3.3,0.207
S98,Manajemen,4,Kewirausahaan,2,B+,3.3,0.207
S98,Manajemen,4,Etika Profesi,2,B,3.0,0.207
S98,Manajemen,5,Etika Profesi,2,A-,3.7,0.207
S98,Manajemen,5,Statistika Inferensial,3,B-,2.7,0.207
S98,Manajemen,5,Kewarganegaraan,2,A,4.0,0.207
S98,Manajemen,5,Manajemen,3,B,3.0,0.207
S98,Manajemen,5,Matematika Diskrit,3,A,4.0,0.207
S98,Manajemen,5,Aljabar Linear,3,A,4.0,0.207
S99,Teknik Elektro,1,Statistika Inferensial,3,C+,2.3,0.413
S99,Teknik Elektro,1,Agama,2,A-,3.7,0.413
S99,Teknik Elektro,1,Kewirausahaan,2,A-,3.7,0.413
S99,Teknik Elektro,1,Kerja Praktik,3,A,4.0,0.413
S99,Teknik Elektro,1,Bahasa Indonesia,2,A,4.0,0.413
S99,Teknik Elektro,2,Etika Profesi,2,A,4.0,0.413
S99,Teknik Elektro,2,Fisika Dasar II,3,B+,3.3,0.413
S99,Teknik Elektro,2,Statistika,3,A-,3.7,0.413
S99,Teknik Elektro,2,Kewirausahaan,2,A,4.0,0.413
S99,Teknik Elektro,2,Matematika Diskrit,3,B,3.0,0.413
S99,Teknik Elektro,2,Aljabar Linear,3,B-,2.7,0.413
S99,Teknik Elektro,2,Pengantar Matematika,2,B+,3.3,0.413
S99,Teknik Elektro,3,Pengantar Matematika,2,A,4.0,0.413
S99,Teknik Elektro,3,Kalkulus III,3,B,3.0,0.413
S99,Teknik Elektro,3,Kalkulus I,3,B+,3.3,0.413
S99,Teknik Elektro,3,Kimia Organik,3,C,2.0,0.413
S99,Teknik Elektro,3,Fisika Dasar I,3,B-,2.7,0.413
S99,Teknik Elektro,3,Kewarganegaraan,2,A-,3.7,0.413
S99,Teknik Elektro,3,Agama,2,A,4.0,0.413
S99,Teknik Elektro,4,Agama,2,A,4.0,0.413
S99,Teknik Elektro,4,Kimia Dasar,3,C+,2.3,0.413
S99,Teknik Elektro,4,Seminar,1,A-,3.7,0.413
S99,Teknik Elektro,4,Pancasila,2,A,4.0,0.413
S99,Teknik Elektro,4,Skripsi,6,A-,3.7,0.413
S99,Teknik Elektro,4,Bahasa Inggris,2,A,4.0,0.413
S99,Teknik Elektro,5,Pancasila,2,B+,3.3,0.413
S99,Teknik Elektro,5,Fisika,3,A-,3.7,0.413
S99,Teknik Elektro,5,Metodologi Penelitian,2,A-,3.7,0.413
S99,Teknik Elektro,5,Bahasa Indonesia,2,B+,3.3,0.413
S99,Teknik Elektro,5,Kewarganegaraan,2,A,4.0,0.413
S99,Teknik Elektro,5,Kalkulus II,3,B+,3.3,0.413
S100,Farmasi,1,Farmakologi,4,A,4.0,0.653
S100,Farmasi,1,Pancasila,2,A,4.0,0.653
S100,Farmasi,1,Metodologi Penelitian,2,B+,3.3,0.653
S100,Farmasi,1,Kimia Dasar,3,A,4.0,0.653
S100,Farmasi,1,Genetika,3,A-,3.7,0.653
S100,Farmasi,2,Fisiologi,4,A,4.0,0.653
S100,Farmasi,2,Anatomi,4,C,2.0,0.653
S100,Farmasi,2,Kewarganegaraan,2,A-,3.7,0.653
S100,Farmasi,2,Kimia Organik,3,B+,3.3,0.653
S100,Farmasi,2,Agama,2,A,4.0,0.653
S100,Farmasi,2,Seminar,1,A-,3.7,0.653
S100,Farmasi,3,Kewirausahaan,2,A,4.0,0.653
S100,Farmasi,3,Etika Profesi,2,B+,3.3,0.653
S100,Farmasi,3,Bahasa Indonesia,2,A,4.0,0.653
S100,Farmasi,3,Kewarganegaraan,2,A,4.0,0.653
S100,Farmasi,3,Biokimia,3,C-,1.7,0.653
S100,Farmasi,4,Agama,2,A,4.0,0.653
S100,Farmasi,4,Mikrobiologi,3,B,3.0,0.653
S100,Farmasi,4,Pancasila,2,A,4.0,0.653
S100,Farmasi,4,Bahasa Inggris,2,A,4.0,0.653
S100,Farmasi,4,Bahasa Inggris,2,A-,3.7,0.653
S100,Farmasi,5,Skripsi,6,B+,3.3,0.653
S101,Akuntansi,1,Matematika Diskrit,3,B-,2.7,0.793
S101,Akuntansi,1,Agama,2,A,4.0,0.793
S101,Akuntansi,1,Akuntansi Keuangan,3,A-,3.7,0.793
S101,Akuntansi,1,Bahasa Indonesia,2,A,4.0,0.793
S101,Akuntansi,1,Skripsi,6,B+,3.3,0.793
S101,Akuntansi,2,Agama,2,A-,3.7,0.793
S101,Akuntansi,2,Etika Profesi,2,A-,3.7,0.793
S101,Akuntansi,2,Bahasa Inggris,2,B+,3.3,0.793
S101,Akuntansi,2,Statistika Inferensial,3,B-,2.7,0.793
S101,Akuntansi,2,Metodologi Penelitian,2,A-,3.7,0.793
S101,Akuntansi,3,Kewirausahaan,2,A,4.0,0.793
S101,Akuntansi,3,Bahasa Inggris,2,A,4.0,0.793
S101,Akuntansi,3,Pemasaran,3,A-,3.7,0.793
S101,Akuntansi,3,Kalkulus III,3,B-,2.7,0.793
S101,Akuntansi,3,Manajemen,3,A,4.0,0.793
S101,Akuntansi,3,Pengantar Ekonomi,3,A,4.0,0.793
S101,Akuntansi,4,Kewarganegaraan,2,A-,3.7,0.793
S101,Akuntansi,4,Pengantar Matematika,2,A-,3.7,0.793
S101,Akuntansi,4,Kalkulus II,3,A,4.0,0.793
S101,Akuntansi,4,Bahasa Indonesia,2,A-,3.7,0.793
S101,Akuntansi,4,Aljabar Linear,3,B+,3.3,0.793
S101,Akuntansi,4,Kewirausahaan,2,A-,3.7,0.793
S101,Akuntansi,5,Kerja Praktik,3,A,4.0,0.793
S101,Akuntansi,5,Statistika,3,A,4.0,0.793
S101,Akuntansi,5,Seminar,1,A,4.0,0.793
S101,Akuntansi,5,Perilaku Organisasi,3,A,4.0,0.793
S101,Akuntansi,5,Kewarganegaraan,2,A,4.0,0.793
S101,Akuntansi,5,Pancasila,2,A,4.0,0.793
S102,Sistem Informasi,1,Kecerdasan Buatan,3,A-,3.7,0.781
S102,Sistem Informasi,1,Algoritma dan Pemrograman,4,B+,3.3,0.781
S102,Sistem Informasi,1,Kimia Organik,3,A,4.0,0.781
S102,Sistem Informasi,1,Bahasa Indonesia,2,B+,3.3,0.781
S102,Sistem Informasi,1,Pemrograman Web,3,A,4.0,0.781
S102,Sistem Informasi,2,Agama,2,A,4.0,0.781
S102,Sistem Informasi,2,Pemrograman Mobile,3,A-,3.7,0.781
S102,Sistem Informasi,2,Fisika,3,A-,3.7,0.781
S102,Sistem Informasi,2,Struktur Data,3,A,4.0,0.781
S102,Sistem Informasi,2,Pembelajaran Mesin,3,B,3.0,0.781
S102,Sistem Informasi,2,Matematika Diskrit,3,A-,3.7,0.781
S102,Sistem Informasi,2,Grafika Komputer,3,B+,3.3,0.781
S102,Sistem Informasi,3,Grafika Komputer,3,B-,2.7,0.781
S102,Sistem Informasi,3,Kalkulus II,3,B+,3.3,0.781
S102,Sistem Informasi,3,Metodologi Penelitian,2,A,4.0,0.781
S102,Sistem Informasi,3,Rekayasa Perangkat Lunak,3,A,4.0,0.781
S102,Sistem Informasi,3,Agama,2,A-,3.7,0.781
S102,Sistem Informasi,4,Fisika Dasar II,3,B,3.0,0.781
S102,Sistem Informasi,4,Kimia Dasar,3,A-,3.7,0.781
S102,Sistem Informasi,4,Seminar,1,A,4.0,0.781
S102,Sistem Informasi,4,Kalkulus I,3,A,4.0,0.781
S102,Sistem Informasi,4,Statistika,3,A,4.0,0.781
S102,Sistem Informasi,5,Basis Data,3,A,4.0,0.781
S102,Sistem Informasi,5,Bahasa Indonesia,2,A,4.0,0.781
S102,Sistem Informasi,5,Pancasila,2,A,4.0,0.781
S102,Sistem Informasi,5,Pengantar Matematika,2,A,4.0,0.781
S102,Sistem Informasi,5,Aljabar Linear,3,A,4.0,0.781
S102,Sistem Informasi,6,Kewirausahaan,2,A,4.0,0.781
S102,Sistem Informasi,6,Pancasila,2,A,4.0,0.781
S102,Sistem Informasi,6,Jaringan Komputer,3,B+,3.3,0.781
S102,Sistem Informasi,6,Sistem Operasi,3,B-,2.7,0.781
S102,Sistem Informasi,6,Skripsi,6,C+,2.3,0.781
S102,Sistem Informasi,6,Fisika Dasar I,3,A,4.0,0.781
S102,Sistem Informasi,6,Statistika Inferensial,3,A-,3.7,0.781
S102,Sistem Informasi,7,Statistika Inferensial,3,C+,2.3,0.781
S102,Sistem Informasi,7,Etika Profesi,2,A,4.0,0.781
S102,Sistem Informasi,7,Kewarganegaraan,2,A,4.0,0.781
S102,Sistem Informasi,7,Kalkulus III,3,B,3.0,0.781
S102,Sistem Informasi,7,Kewirausahaan,2,A,4.0,0.781
S103,Kedokteran,1,Pancasila,2,A,4.0,0.484
S103,Kedokteran,1,Agama,2,B+,3.3,0.484
S103,Kedokteran,1,Kimia Organik,3,C+,2.3,0.484
S103,Kedokteran,1,Mikrobiologi,3,A,4.0,0.484
S103,Kedokteran,1,Farmakologi,4,A-,3.7,0.484
S103,Kedokteran,1,Kewarganegaraan,2,A,4.0,0.484
S103,Kedokteran,1,Seminar,1,A,4.0,0.484
S103,Kedokteran,2,Seminar,1,B+,3.3,0.484
S103,Kedokteran,2,Kimia Dasar,3,A-,3.7,0.484
S103,Kedokteran,2,Fisiologi,4,B-,2.7,0.484
S103,Kedokteran,2,Kewirausahaan,2,A,4.0,0.484
S103,Kedokteran,2,Anatomi,4,B+,3.3,0.484
S103,Kedokteran,2,Etika Profesi,2,A,4.0,0.484
S103,Kedokteran,3,Bahasa Indonesia,2,B+,3.3,0.484
S103,Kedokteran,3,Bahasa Inggris,2,A,4.0,0.484
S103,Kedokteran,3,Kewirausahaan,2,B+,3.3,0.484
S103,Kedokteran,3,Agama,2,A-,3.7,0.484
S103,Kedokteran,3,Bahasa Indonesia,2,A-,3.7,0.484
S103,Kedokteran,4,Skripsi,6,A-,3.7,0.484
S103,Kedokteran,4,Kerja Praktik,3,A,4.0,0.484
S103,Kedokteran,4,Pancasila,2,A-,3.7,0.484
S103,Kedokteran,4,Biokimia,3,B-,2.7,0.484
S103,Kedokteran,4,Metodologi Penelitian,2,B,3.0,0.484
S103,Kedokteran,4,Bahasa Inggris,2,A,4.0,0.484
S103,Kedokteran,5,Kewarganegaraan,2,A-,3.7,0.484
S104,Teknik Sipil,1,Kalkulus I,3,A-,3.7,0.62
S104,Teknik Sipil,1,Metodologi Penelitian,2,A,4.0,0.62
S104,Teknik Sipil,1,Agama,2,A-,3.7,0.62
S104,Teknik Sipil,1,Aljabar Linear,3,A-,3.7,0.62
S104,Teknik Sipil,1,Kewarganegaraan,2,B+,3.3,0.62
S104,Teknik Sipil,2,Pengantar Matematika,2,B,3.0,0.62
S104,Teknik Sipil,2,Pancasila,2,A,4.0,0.62
S104,Teknik Sipil,2,Etika Profesi,2,A,4.0,0.62
S104,Teknik Sipil,2,Fisika,3,A-,3.7,0.62
S104,Teknik Sipil,2,Kalkulus II,3,B+,3.3,0.62
S104,Teknik Sipil,2,Agama,2,A,4.0,0.62
S104,Teknik Sipil,2,Kimia Dasar,3,A,4.0,0.62
S104,Teknik Sipil,3,Kimia Dasar,3,A-,3.7,0.62
S104,Teknik Sipil,3,Matematika Diskrit,3,B,3.0,0.62
S104,Teknik Sipil,3,Bahasa Inggris,2,A-,3.7,0.62
S104,Teknik Sipil,3,Bahasa Indonesia,2,B+,3.3,0.62
S104,Teknik Sipil,3,Skripsi,6,A,4.0,0.62
S104,Teknik Sipil,4,Fisika Dasar I,3,A,4.0,0.62
S104,Teknik Sipil,4,Seminar,1,A,4.0,0.62
S104,Teknik Sipil,4,Statistika,3,A,4.0,0.62
S104,Teknik Sipil,4,Pancasila,2,A-,3.7,0.62
S104,Teknik Sipil,4,Statistika Inferensial,3,A,4.0,0.62
S104,Teknik Sipil,5,Kalkulus III,3,B,3.0,0.62
S104,Teknik Sipil,5,Kewirausahaan,2,B+,3.3,0.62
S104,Teknik Sipil,5,Kewirausahaan,2,A,4.0,0.62
S104,Teknik Sipil,5,Bahasa Inggris,2,A,4.0,0.62
S104,Teknik Sipil,5,Kimia Organik,3,B+,3.3,0.62
S104,Teknik Sipil,5,Kerja Praktik,3,A,4.0,0.62
S105,Manajemen,1,Kewarganegaraan,2,A,4.0,0.668
S105,Manajemen,1,Kalkulus II,3,A,4.0,0.668
S105,Manajemen,1,Bahasa Indonesia,2,A-,3.7,0.668
S105,Manajemen,1,Seminar,1,A,4.0,0.668
S105,Manajemen,1,Kalkulus III,3,C,2.0,0.668
S105,Manajemen,1,Etika Profesi,2,A,4.0,0.668
S105,Manajemen,2,Statistika Inferensial,3,A-,3.7,0.668
S105,Manajemen,2,Manajemen,3,A,4.0,0.668
S105,Manajemen,2,Kewirausahaan,2,A,4.0,0.668
S105,Manajemen,2,Bahasa Inggris,2,A,4.0,0.668
S105,Manajemen,2,Statistika,3,A-,3.7,0.668
S105,Manajemen,2,Bahasa Inggris,2,A,4.0,0.668
S105,Manajemen,2,Pancasila,2,B+,3.3,0.668
S105,Manajemen,3,Pancasila,2,A,4.0,0.668
S105,Manajemen,3,Kewirausahaan,2,A,4.0,0.668
S105,Manajemen,3,Akuntansi Keuangan,3,B+,3.3,0.668
S105,Manajemen,3,Pancasila,2,A,4.0,0.668
S105,Manajemen,3,Agama,2,A,4.0,0.668
S105,Manajemen,4,Pemasaran,3,A-,3.7,0.668
S105,Manajemen,4,Pengantar Matematika,2,A,4.0,0.668
S105,Manajemen,4,Pengantar Ekonomi,3,A,4.0,0.668
S105,Manajemen,4,Bahasa Indonesia,2,A-,3.7,0.668
S105,Manajemen,4,Aljabar Linear,3,B+,3.3,0.668
S105,Manajemen,5,Kalkulus I,3,A-,3.7,0.668
S105,Manajemen,5,Matematika Diskrit,3,B+,3.3,0.668
S105,Manajemen,5,Agama,2,A,4.0,0.668
S105,Manajemen,5,Skripsi,6,B+,3.3,0.668
S105,Manajemen,5,Perilaku Organisasi,3,B+,3.3,0.668
S106,Teknik Mesin,1,Bahasa Inggris,2,B+,3.3,0.783
S106,Teknik Mesin,1,Etika Profesi,2,A,4.0,0.783
S106,Teknik Mesin,1,Kewarganegaraan,2,A-,3.7,0.783
S106,Teknik Mesin,1,Metodologi Penelitian,2,B+,3.3,0.783
S106,Teknik Mesin,1,Kalkulus II,3,B-,2.7,0.783
S106,Teknik Mesin,2,Pancasila,2,B+,3.3,0.783
S106,Teknik Mesin,2,Bahasa Inggris,2,A-,3.7,0.783
S106,Teknik Mesin,2,Statistika,3,A,4.0,0.783
S106,Teknik Mesin,2,Seminar,1,A-,3.7,0.783
S106,Teknik Mesin,2,Pancasila,2,A-,3.7,0.783
S106,Teknik Mesin,2,Kerja Praktik,3,A,4.0,0.783
S106,Teknik Mesin,2,Fisika Dasar I,3,A,4.0,0.783
S107,Biologi,1,Metodologi Penelitian,2,B+,3.3,0.515
S107,Biologi,1,Skripsi,6,A-,3.7,0.515
S107,Biologi,1,Seminar,1,A-,3.7,0.515
S107,Biologi,1,Aljabar Linear,3,A,4.0,0.515
S107,Biologi,1,Kimia Dasar,3,B+,3.3,0.515
S107,Biologi,1,Kewarganegaraan,2,A,4.0,0.515
S107,Biologi,2,Kalkulus III,3,C+,2.3,0.515
S107,Biologi,2,Matematika Diskrit,3,A,4.0,0.515
S107,Biologi,2,Agama,2,A,4.0,0.515
S107,Biologi,2,Bahasa Indonesia,2,A-,3.7,0.515
S107,Biologi,2,Bahasa Inggris,2,A,4.0,0.515
S107,Biologi,2,Kerja Praktik,3,A,4.0,0.515
S107,Biologi,2,Kewirausahaan,2,B,3.0,0.515
S107,Biologi,3,Kewirausahaan,2,B-,2.7,0.515
S107,Biologi,3,Bahasa Inggris,2,B+,3.3,0.515
S107,Biologi,3,Statistika Inferensial,3,B,3.0,0.515
S107,Biologi,3,Pancasila,2,A,4.0,0.515
S107,Biologi,3,Mikrobiologi,3,B,3.0,0.515
S107,Biologi,4,Kalkulus I,3,B+,3.3,0.515
S107,Biologi,4,Bahasa Indonesia,2,A-,3.7,0.515
S107,Biologi,4,Kimia Organik,3,B,3.0,0.515
S107,Biologi,4,Agama,2,A,4.0,0.515
S107,Biologi,4,Kewirausahaan,2,A-,3.7,0.515
S107,Biologi,4,Statistika,3,B+,3.3,0.515
S107,Biologi,4,Kewarganegaraan,2,A,4.0,0.515
S107,Biologi,5,Kewarganegaraan,2,A,4.0,0.515
S107,Biologi,5,Kalkulus II,3,C+,2.3,0.515
S107,Biologi,5,Pancasila,2,A,4.0,0.515
S107,Biologi,5,Genetika,3,A-,3.7,0.515
S107,Biologi,5,Pengantar Matematika,2,A-,3.7,0.515
S108,Biologi,1,Kewarganegaraan,2,A,4.0,0.34
S108,Biologi,1,Pancasila,2,A,4.0,0.34
S108,Biologi,1,Seminar,1,A,4.0,0.34
S108,Biologi,1,Mikrobiologi,3,A,4.0,0.34
S108,Biologi,1,Statistika Inferensial,3,B-,2.7,0.34
S108,Biologi,1,Matematika Diskrit,3,B-,2.7,0.34
S108,Biologi,2,Pengantar Matematika,2,B,3.0,0.34
S108,Biologi,2,Skripsi,6,B+,3.3,0.34
S108,Biologi,2,Aljabar Linear,3,B,3.0,0.34
S108,Biologi,2,Kalkulus II,3,C+,2.3,0.34
S108,Biologi,2,Kewirausahaan,2,B+,3.3,0.34
S108,Biologi,2,Bahasa Inggris,2,A-,3.7,0.34
S108,Biologi,2,Kimia Organik,3,B+,3.3,0.34
S109,Sistem Informasi,1,Kimia Dasar,3,A-,3.7,0.707
S109,Sistem Informasi,1,Kalkulus I,3,B+,3.3,0.707
S109,Sistem Informasi,1,Pancasila,2,A-,3.7,0.707
S109,Sistem Informasi,1,Kecerdasan Buatan,3,A,4.0,0.707
S109,Sistem Informasi,1,Pengantar Matematika,2,A,4.0,0.707
S109,Sistem Informasi,1,Kalkulus II,3,B+,3.3,0.707
S109,Sistem Informasi,1,Bahasa Inggris,2,A,4.0,0.707
S109,Sistem Informasi,2,Bahasa Inggris,2,A,4.0,0.707
S109,Sistem Informasi,2,Pemrograman Web,3,A,4.0,0.707
S109,Sistem Informasi,2,Kimia Organik,3,B+,3.3,0.707
S109,Sistem Informasi,2,Aljabar Linear,3,B+,3.3,0.707
S109,Sistem Informasi,2,Bahasa Indonesia,2,A-,3.7,0.707
S110,Teknik Elektro,1,Aljabar Linear,3,B+,3.3,0.397
S110,Teknik Elektro,1,Kalkulus II,3,C+,2.3,0.397
S110,Teknik Elektro,1,Pengantar Matematika,2,B+,3.3,0.397
S110,Teknik Elektro,1,Kewarganegaraan,2,A,4.0,0.397
S110,Teknik Elektro,1,Kewirausahaan,2,A-,3.7,0.397
S110,Teknik Elektro,1,Kewarganegaraan,2,A,4.0,0.397
S110,Teknik Elektro,1,Bahasa Indonesia,2,B+,3.3,0.397
S110,Teknik Elektro,2,Bahasa Indonesia,2,A-,3.7,0.397
S110,Teknik Elektro,2,Statistika Inferensial,3,A,4.0,0.397
S110,Teknik Elektro,2,Fisika Dasar II,3,B,3.0,0.397
S110,Teknik Elektro,2,Pancasila,2,A,4.0,0.397
S110,Teknik Elektro,2,Kalkulus III,3,B,3.0,0.397
S111,Hukum,1,Bahasa Indonesia,2,A,4.0,0.575
S111,Hukum,1,Hukum Perdata,3,A-,3.7,0.575
S111,Hukum,1,Agama,2,A,4.0,0.575
S111,Hukum,1,Etika Profesi,2,B-,2.7,0.575
S111,Hukum,1,Pengantar Ilmu Hukum,3,A,4.0,0.575
S111,Hukum,2,Kerja Praktik,3,A,4.0,0.575
S111,Hukum,2,Bahasa Indonesia,2,A,4.0,0.575
S111,Hukum,2,Pancasila,2,A,4.0,0.575
S111,Hukum,2,Metodologi Penelitian,2,A,4.0,0.575
S111,Hukum,2,Kewarganegaraan,2,A,4.0,0.575
S111,Hukum,2,Pancasila,2,A,4.0,0.575
S111,Hukum,2,Kewirausahaan,2,A,4.0,0.575
S112,Teknik Elektro,1,Pancasila,2,A,4.0,0.474
S112,Teknik Elektro,1,Seminar,1,A,4.0,0.474
S112,Teknik Elektro,1,Fisika Dasar I,3,C,2.0,0.474
S112,Teknik Elektro,1,Kalkulus III,3,C+,2.3,0.474
S112,Teknik Elektro,1,Aljabar Linear,3,B-,2.7,0.474
S112,Teknik Elektro,1,Metodologi Penelitian,2,B,3.0,0.474
S112,Teknik Elektro,2,Pancasila,2,A,4.0,0.474
S112,Teknik Elektro,2,Fisika,3,A-,3.7,0.474
S112,Teknik Elektro,2,Agama,2,A,4.0,0.474
S112,Teknik Elektro,2,Bahasa Inggris,2,A,4.0,0.474
S112,Teknik Elektro,2,Kewarganegaraan,2,A,4.0,0.474
S112,Teknik Elektro,3,Statistika,3,A,4.0,0.474
S112,Teknik Elektro,3,Pengantar Matematika,2,A,4.0,0.474
S112,Teknik Elektro,3,Bahasa Inggris,2,A,4.0,0.474
S112,Teknik Elektro,3,Kewirausahaan,2,B,3.0,0.474
S112,Teknik Elektro,3,Kimia Dasar,3,B+,3.3,0.474
S113,Akuntansi,1,Pengantar Matematika,2,A,4.0,0.335
S113,Akuntansi,1,Kalkulus III,3,A-,3.7,0.335
S113,Akuntansi,1,Kalkulus II,3,B,3.0,0.335
S113,Akuntansi,1,Pemasaran,3,A,4.0,0.335
S113,Akuntansi,1,Manajemen,3,A-,3.7,0.335
S113,Akuntansi,1,Pancasila,2,A,4.0,0.335
S113,Akuntansi,2,Agama,2,A,4.0,0.335
S113,Akuntansi,2,Statistika Inferensial,3,B-,2.7,0.335
S113,Akuntansi,2,Kewarganegaraan,2,A,4.0,0.335
S113,Akuntansi,2,Seminar,1,A,4.0,0.335
S113,Akuntansi,2,Kewirausahaan,2,B-,2.7,0.335
S113,Akuntansi,2,Bahasa Indonesia,2,A,4.0,0.335
S113,Akuntansi,2,Bahasa Inggris,2,A,4.0,0.335
S113,Akuntansi,3,Bahasa Inggris,2,A,4.0,0.335
S113,Akuntansi,3,Pengantar Ekonomi,3,B+,3.3,0.335
S113,Akuntansi,3,Statistika,3,A-,3.7,0.335
S113,Akuntansi,3,Kewirausahaan,2,B,3.0,0.335
S113,Akuntansi,3,Etika Profesi,2,B+,3.3,0.335
S113,Akuntansi,4,Metodologi Penelitian,2,B,3.0,0.335
S113,Akuntansi,4,Aljabar Linear,3,B+,3.3,0.335
S113,Akuntansi,4,Bahasa Inggris,2,A,4.0,0.335
S113,Akuntansi,4,Skripsi,6,A,4.0,0.335
S113,Akuntansi,4,Bahasa Indonesia,2,A-,3.7,0.335
S113,Akuntansi,4,Perilaku Organisasi,3,B+,3.3,0.335
S113,Akuntansi,5,Kewarganegaraan,2,A,4.0,0.335
S113,Akuntansi,5,Agama,2,A-,3.7,0.335
S113,Akuntansi,5,Pancasila,2,A,4.0,0.335
S113,Akuntansi,5,Akuntansi Keuangan,3,C-,1.7,0.335
S113,Akuntansi,5,Matematika Diskrit,3,B+,3.3,0.335
S113,Akuntansi,5,Kerja Praktik,3,A-,3.7,0.335
S114,Hukum,1,Kewirausahaan,2,A,4.0,0.563
S114,Hukum,1,Hukum Pidana,3,B+,3.3,0.563
S114,Hukum,1,Pancasila,2,A,4.0,0.563
S114,Hukum,1,Bahasa Inggris,2,A,4.0,0.563
S114,Hukum,1,Bahasa Indonesia,2,A,4.0,0.563
S114,Hukum,1,Etika Profesi,2,A,4.0,0.563
S114,Hukum,2,Kewirausahaan,2,A-,3.7,0.563
S114,Hukum,2,Seminar,1,A,4.0,0.563
S114,Hukum,2,Kewarganegaraan,2,A,4.0,0.563
S114,Hukum,2,Pancasila,2,A,4.0,0.563
S114,Hukum,2,Kewarganegaraan,2,A-,3.7,0.563
S114,Hukum,2,Kerja Praktik,3,A,4.0,0.563
S114,Hukum,3,Pengantar Ilmu Hukum,3,A,4.0,0.563
S114,Hukum,3,Skripsi,6,A,4.0,0.563
S114,Hukum,3,Agama,2,B+,3.3,0.563
S114,Hukum,3,Bahasa Indonesia,2,A,4.0,0.563
S114,Hukum,3,Agama,2,B+,3.3,0.563
S114,Hukum,3,Hukum Perdata,3,B,3.0,0.563
S114,Hukum,3,Bahasa Inggris,2,A,4.0,0.563
S114,Hukum,4,Bahasa Inggris,2,A,4.0,0.563
S114,Hukum,4,Metodologi Penelitian,2,A,4.0,0.563
S115,Hukum,1,Agama,2,A,4.0,0.491
S115,Hukum,1,Bahasa Indonesia,2,A-,3.7,0.491
S115,Hukum,1,Metodologi Penelitian,2,B-,2.7,0.491
S115,Hukum,1,Hukum Perdata,3,B,3.0,0.491
S115,Hukum,1,Hukum Pidana,3,B,3.0,0.491
S115,Hukum,2,Skripsi,6,A,4.0,0.491
S115,Hukum,2,Bahasa Inggris,2,A,4.0,0.491
S115,Hukum,2,Pengantar Ilmu Hukum,3,A-,3.7,0.491
S115,Hukum,2,Pancasila,2,B,3.0,0.491
S115,Hukum,2,Pancasila,2,A,4.0,0.491
S115,Hukum,2,Bahasa Indonesia,2,A,4.0,0.491
S115,Hukum,2,Agama,2,A,4.0,0.491
S115,Hukum,3,Agama,2,A,4.0,0.491
S115,Hukum,3,Kewarganegaraan,2,A-,3.7,0.491
S115,Hukum,3,Kewarganegaraan,2,A-,3.7,0.491
S115,Hukum,3,Kewirausahaan,2,A,4.0,0.491
S115,Hukum,3,Bahasa Inggris,2,A-,3.7,0.491
S115,Hukum,3,Etika Profesi,2,A,4.0,0.491
S115,Hukum,3,Kerja Praktik,3,A,4.0,0.491
S115,Hukum,4,Kerja Praktik,3,A-,3.7,0.491
S115,Hukum,4,Seminar,1,B,3.0,0.491
S116,Teknik Sipil,1,Bahasa Inggris,2,A,4.0,0.64
S116,Teknik Sipil,1,Kimia Dasar,3,A,4.0,0.64
S116,Teknik Sipil,1,Fisika Dasar I,3,A-,3.7,0.64
S116,Teknik Sipil,1,Seminar,1,A,4.0,0.64
S116,Teknik Sipil,1,Bahasa Indonesia,2,A,4.0,0.64
S116,Teknik Sipil,2,Metodologi Penelitian,2,A,4.0,0.64
S116,Teknik Sipil,2,Bahasa Indonesia,2,A-,3.7,0.64
S116,Teknik Sipil,2,Kewarganegaraan,2,A,4.0,0.64
S116,Teknik Sipil,2,Pancasila,2,B+,3.3,0.64
S116,Teknik Sipil,2,Fisika,3,A,4.0,0.64
S116,Teknik Sipil,3,Aljabar Linear,3,A-,3.7,0.64
S116,Teknik Sipil,3,Bahasa Inggris,2,A,4.0,0.64
S116,Teknik Sipil,3,Kalkulus II,3,A,4.0,0.64
S116,Teknik Sipil,3,Matematika Diskrit,3,C,2.0,0.64
S116,Teknik Sipil,3,Kalkulus III,3,A,4.0,0.64
S116,Teknik Sipil,3,Kewirausahaan,2,A,4.0,0.64
S117,Teknik Mesin,1,Bahasa Inggris,2,B-,2.7,0.109
S117,Teknik Mesin,1,Statistika Inferensial,3,B,3.0,0.109
S117,Teknik Mesin,1,Kalkulus III,3,B-,2.7,0.109
S117,Teknik Mesin,1,Bahasa Indonesia,2,A-,3.7,0.109
S117,Teknik Mesin,1,Pancasila,2,B+,3.3,0.109
S117,Teknik Mesin,1,Fisika Dasar I,3,A,4.0,0.109
S117,Teknik Mesin,1,Matematika Diskrit,3,B+,3.3,0.109
S117,Teknik Mesin,2,Matematika Diskrit,3,B+,3.3,0.109
S117,Teknik Mesin,2,Kalkulus I,3,C,2.0,0.109
S117,Teknik Mesin,2,Fisika,3,A-,3.7,0.109
S117,Teknik Mesin,2,Kewirausahaan,2,A-,3.7,0.109
S117,Teknik Mesin,2,Pancasila,2,A-,3.7,0.109
S117,Teknik Mesin,3,Bahasa Inggris,2,A,4.0,0.109
S117,Teknik Mesin,3,Kalkulus II,3,C,2.0,0.109
S117,Teknik Mesin,3,Metodologi Penelitian,2,B-,2.7,0.109
S117,Teknik Mesin,3,Bahasa Indonesia,2,B+,3.3,0.109
S117,Teknik Mesin,3,Kewirausahaan,2,B+,3.3,0.109
S118,Farmasi,1,Agama,2,A,4.0,0.496
S118,Farmasi,1,Genetika,3,A,4.0,0.496
S118,Farmasi,1,Fisiologi,4,B+,3.3,0.496
S118,Farmasi,1,Farmakologi,4,A-,3.7,0.496
S118,Farmasi,1,Bahasa Inggris,2,A,4.0,0.496
S118,Farmasi,2,Kimia Dasar,3,A,4.0,0.496
S118,Farmasi,2,Bahasa Indonesia,2,A,4.0,0.496
S118,Farmasi,2,Seminar,1,A,4.0,0.496
S118,Farmasi,2,Kimia Organik,3,A,4.0,0.496
S118,Farmasi,2,Kewarganegaraan,2,A,4.0,0.496
S118,Farmasi,2,Kerja Praktik,3,A-,3.7,0.496
S118,Farmasi,3,Pancasila,2,A-,3.7,0.496
S118,Farmasi,3,Etika Profesi,2,A,4.0,0.496
S118,Farmasi,3,Metodologi Penelitian,2,A-,3.7,0.496
S118,Farmasi,3,Anatomi,4,A,4.0,0.496
S118,Farmasi,3,Pancasila,2,A,4.0,0.496
S118,Farmasi,4,Kewirausahaan,2,A,4.0,0.496
S118,Farmasi,4,Kewarganegaraan,2,A,4.0,0.496
S118,Farmasi,4,Bahasa Indonesia,2,A-,3.7,0.496
S118,Farmasi,4,Kewirausahaan,2,A-,3.7,0.496
S118,Farmasi,4,Bahasa Inggris,2,A,4.0,0.496
S118,Farmasi,4,Mikrobiologi,3,A-,3.7,0.496
S118,Farmasi,5,Biokimia,3,A,4.0,0.496
S119,Farmasi,1,Mikrobiologi,3,B-,2.7,0.494
S119,Farmasi,1,Kewarganegaraan,2,A,4.0,0.494
S119,Farmasi,1,Fisiologi,4,B,3.0,0.494
S119,Farmasi,1,Seminar,1,A,4.0,0.494
S119,Farmasi,1,Agama,2,B,3.0,0.494
S119,Farmasi,1,Bahasa Inggris,2,A,4.0,0.494
S119,Farmasi,2,Kimia Organik,3,A,4.0,0.494
S119,Farmasi,2,Pancasila,2,A,4.0,0.494
S119,Farmasi,2,Biokimia,3,B+,3.3,0.494
S119,Farmasi,2,Kimia Dasar,3,A,4.0,0.494
S119,Farmasi,2,Agama,2,A,4.0,0.494
S119,Farmasi,2,Bahasa Inggris,2,A,4.0,0.494
S119,Farmasi,3,Kewarganegaraan,2,A-,3.7,0.494
S119,Farmasi,3,Kerja Praktik,3,A,4.0,0.494
S119,Farmasi,3,Bahasa Indonesia,2,A,4.0,0.494
S119,Farmasi,3,Skripsi,6,A-,3.7,0.494
S119,Farmasi,3,Pancasila,2,A,4.0,0.494
S119,Farmasi,3,Kewirausahaan,2,A-,3.7,0.494
S119,Farmasi,4,Bahasa Indonesia,2,A,4.0,0.494
S119,Farmasi,4,Anatomi,4,C+,2.3,0.494
S119,Farmasi,4,Kewirausahaan,2,A,4.0,0.494
S119,Farmasi,4,Etika Profesi,2,A-,3.7,0.494
S119,Farmasi,4,Farmakologi,4,A-,3.7,0.494
S119,Farmasi,5,Metodologi Penelitian,2,B-,2.7,0.494
S120,Sistem Informasi,1,Kewirausahaan,2,A-,3.7,0.556
S120,Sistem Informasi,1,Fisika Dasar I,3,B+,3.3,0.556
S120,Sistem Informasi,1,Kerja Praktik,3,A,4.0,0.556
S120,Sistem Informasi,1,Statistika,3,A-,3.7,0.556
S120,Sistem Informasi,1,Bahasa Indonesia,2,A,4.0,0.556
S120,Sistem Informasi,1,Rekayasa Perangkat Lunak,3,A-,3.7,0.556
S120,Sistem Informasi,2,Kecerdasan Buatan,3,A,4.0,0.556
S120,Sistem Informasi,2,Bahasa Inggris,2,A,4.0,0.556
S120,Sistem Informasi,2,Kimia Dasar,3,A-,3.7,0.556
S120,Sistem Informasi,2,Kewarganegaraan,2,A,4.0,0.556
S120,Sistem Informasi,2,Pancasila,2,A,4.0,0.556
S120,Sistem Informasi,2,Pembelajaran Mesin,3,B-,2.7,0.556
S120,Sistem Informasi,3,Metodologi Penelitian,2,A,4.0,0.556
S120,Sistem Informasi,3,Kalkulus I,3,A,4.0,0.556
S120,Sistem Informasi,3,Pancasila,2,A,4.0,0.556
S120,Sistem Informasi,3,Aljabar Linear,3,B,3.0,0.556
S120,Sistem Informasi,3,Pemrograman Web,3,A,4.0,0.556
S120,Sistem Informasi,3,Matematika Diskrit,3,B-,2.7,0.556
S121,Sistem Informasi,1,Fisika Dasar I,3,A,4.0,0.769
S121,Sistem Informasi,1,Kecerdasan Buatan,3,B+,3.3,0.769
S121,Sistem Informasi,1,Bahasa Inggris,2,B+,3.3,0.769
S121,Sistem Informasi,1,Seminar,1,A,4.0,0.769
S121,Sistem Informasi,1,Agama,2,A-,3.7,0.769
S121,Sistem Informasi,2,Matematika Diskrit,3,B,3.0,0.769
S121,Sistem Informasi,2,Kalkulus I,3,A,4.0,0.769
S121,Sistem Informasi,2,Kewarganegaraan,2,A,4.0,0.769
S121,Sistem Informasi,2,Pemrograman Mobile,3,A-,3.7,0.769
S121,Sistem Informasi,2,Kimia Dasar,3,A-,3.7,0.769
S121,Sistem Informasi,2,Pancasila,2,A,4.0,0.769
S121,Sistem Informasi,2,Pengantar Matematika,2,B+,3.3,0.769
S121,Sistem Informasi,3,Pengantar Matematika,2,A,4.0,0.769
S121,Sistem Informasi,3,Metodologi Penelitian,2,A-,3.7,0.769
S121,Sistem Informasi,3,Pembelajaran Mesin,3,B,3.0,0.769
S121,Sistem Informasi,3,Kalkulus II,3,A-,3.7,0.769
S121,Sistem Informasi,3,Rekayasa Perangkat Lunak,3,B+,3.3,0.769
S121,Sistem Informasi,4,Aljabar Linear,3,A,4.0,0.769
S121,Sistem Informasi,4,Fisika Dasar II,3,A-,3.7,0.769
S121,Sistem Informasi,4,Bahasa Indonesia,2,A-,3.7,0.769
S121,Sistem Informasi,4,Pemrograman Web,3,B-,2.7,0.769
S121,Sistem Informasi,4,Grafika Komputer,3,A,4.0,0.769
S121,Sistem Informasi,5,Kewarganegaraan,2,A-,3.7,0.769
S121,Sistem Informasi,5,Kalkulus III,3,B,3.0,0.769
S121,Sistem Informasi,5,Pemrograman Berorientasi Objek,3,A-,3.7,0.769
S121,Sistem Informasi,5,Sistem Operasi,3,B+,3.3,0.769
S121,Sistem Informasi,5,Etika Profesi,2,A-,3.7,0.769
S121,Sistem Informasi,6,Kimia Organik,3,A,4.0,0.769
S121,Sistem Informasi,6,Pancasila,2,B+,3.3,0.769
S121,Sistem Informasi,6,Skripsi,6,B-,2.7,0.769
S121,Sistem Informasi,6,Basis Data,3,A,4.0,0.769
S121,Sistem Informasi,6,Kewirausahaan,2,A,4.0,0.769
S121,Sistem Informasi,7,Agama,2,A-,3.7,0.769
S121,Sistem Informasi,7,Kerja Praktik,3,A-,3.7,0.769
S121,Sistem Informasi,7,Bahasa Indonesia,2,A,4.0,0.769
S121,Sistem Informasi,7,Bahasa Inggris,2,A,4.0,0.769
S121,Sistem Informasi,7,Fisika,3,B+,3.3,0.769
S122,Hukum,1,Kewarganegaraan,2,A,4.0,0.782
S122,Hukum,1,Pancasila,2,A-,3.7,0.782
S122,Hukum,1,Etika Profesi,2,B+,3.3,0.782
S122,Hukum,1,Kewarganegaraan,2,A,4.0,0.782
S122,Hukum,1,Kewirausahaan,2,B,3.0,0.782
S122,Hukum,2,Skripsi,6,A-,3.7,0.782
S122,Hukum,2,Bahasa Inggris,2,A,4.0,0.782
S122,Hukum,2,Hukum Perdata,3,B+,3.3,0.782
S122,Hukum,2,Metodologi Penelitian,2,A,4.0,0.782
S122,Hukum,2,Agama,2,A,4.0,0.782
S122,Hukum,2,Bahasa Indonesia,2,A-,3.7,0.782
S122,Hukum,2,Kerja Praktik,3,A,4.0,0.782
S122,Hukum,3,Kerja Praktik,3,A,4.0,0.782
S122,Hukum,3,Seminar,1,A-,3.7,0.782
S122,Hukum,3,Agama,2,A-,3.7,0.782
S122,Hukum,3,Pengantar Ilmu Hukum,3,A,4.0,0.782
S122,Hukum,3,Hukum Pidana,3,A-,3.7,0.782
S122,Hukum,3,Pancasila,2,A,4.0,0.782
S122,Hukum,3,Kewirausahaan,2,A,4.0,0.782
S122,Hukum,4,Kewirausahaan,2,A-,3.7,0.782
S122,Hukum,4,Bahasa Indonesia,2,A-,3.7,0.782
S123,Teknik Sipil,1,Kewarganegaraan,2,B,3.0,0.602
S123,Teknik Sipil,1,Kalkulus I,3,B,3.0,0.602
S123,Teknik Sipil,1,Seminar,1,A-,3.7,0.602
S123,Teknik Sipil,1,Fisika Dasar II,3,A-,3.7,0.602
S123,Teknik Sipil,1,Bahasa Indonesia,2,A,4.0,0.602
S123,Teknik Sipil,2,Pengantar Matematika,2,A,4.0,0.602
S123,Teknik Sipil,2,Kewarganegaraan,2,A,4.0,0.602
S123,Teknik Sipil,2,Kewirausahaan,2,A,4.0,0.602
S123,Teknik Sipil,2,Fisika Dasar I,3,A,4.0,0.602
S123,Teknik Sipil,2,Kalkulus III,3,B+,3.3,0.602
S123,Teknik Sipil,3,Skripsi,6,B+,3.3,0.602
S123,Teknik Sipil,3,Aljabar Linear,3,A,4.0,0.602
S123,Teknik Sipil,3,Bahasa Indonesia,2,A-,3.7,0.602
S123,Teknik Sipil,3,Kerja Praktik,3,A,4.0,0.602
S123,Teknik Sipil,3,Fisika,3,B,3.0,0.602
S123,Teknik Sipil,3,Agama,2,A-,3.7,0.602
S124,Teknik Sipil,1,Bahasa Inggris,2,B+,3.3,0.158
S124,Teknik Sipil,1,Kalkulus II,3,B+,3.3,0.158
S124,Teknik Sipil,1,Kewarganegaraan,2,A,4.0,0.158
S124,Teknik Sipil,1,Fisika Dasar I,3,A,4.0,0.158
S124,Teknik Sipil,1,Kewirausahaan,2,C,2.0,0.158
S124,Teknik Sipil,1,Fisika Dasar II,3,A,4.0,0.158
S124,Teknik Sipil,2,Statistika,3,A-,3.7,0.158
S124,Teknik Sipil,2,Kewarganegaraan,2,A,4.0,0.158
S124,Teknik Sipil,2,Skripsi,6,A-,3.7,0.158
S124,Teknik Sipil,2,Matematika Diskrit,3,A-,3.7,0.158
S124,Teknik Sipil,2,Kimia Dasar,3,B,3.0,0.158
S124,Teknik Sipil,3,Bahasa Indonesia,2,A-,3.7,0.158
S124,Teknik Sipil,3,Pengantar Matematika,2,B,3.0,0.158
S124,Teknik Sipil,3,Etika Profesi,2,A,4.0,0.158
S124,Teknik Sipil,3,Fisika,3,B,3.0,0.158
S124,Teknik Sipil,3,Bahasa Inggris,2,A-,3.7,0.158
S124,Teknik Sipil,3,Kerja Praktik,3,B+,3.3,0.158
S124,Teknik Sipil,3,Bahasa Indonesia,2,A-,3.7,0.158
S124,Teknik Sipil,4,Bahasa Indonesia,2,A-,3.7,0.158
S124,Teknik Sipil,4,Seminar,1,A-,3.7,0.158
S124,Teknik Sipil,4,Pancasila,2,A,4.0,0.158
S124,Teknik Sipil,4,Kalkulus III,3,C+,2.3,0.158
S124,Teknik Sipil,4,Pancasila,2,B+,3.3,0.158
S125,Manajemen,1,Kewarganegaraan,2,B+,3.3,0.585
S125,Manajemen,1,Pancasila,2,A,4.0,0.585
S125,Manajemen,1,Seminar,1,A-,3.7,0.585
S125,Manajemen,1,Matematika Diskrit,3,A,4.0,0.585
S125,Manajemen,1,Akuntansi Keuangan,3,A-,3.7,0.585
S125,Manajemen,2,Pengantar Matematika,2,A-,3.7,0.585
S125,Manajemen,2,Bahasa Indonesia,2,A,4.0,0.585
S125,Manajemen,2,Agama,2,A,4.0,0.585
S125,Manajemen,2,Skripsi,6,B+,3.3,0.585
S125,Manajemen,2,Kewarganegaraan,2,A,4.0,0.585
S125,Manajemen,3,Kewirausahaan,2,A,4.0,0.585
S125,Manajemen,3,Bahasa Inggris,2,A,4.0,0.585
S125,Manajemen,3,Kalkulus III,3,A,4.0,0.585
S125,Manajemen,3,Aljabar Linear,3,B,3.0,0.585
S125,Manajemen,3,Kalkulus I,3,A-,3.7,0.585
S125,Manajemen,3,Perilaku Organisasi,3,A,4.0,0.585
S125,Manajemen,4,Pemasaran,3,A,4.0,0.585
S125,Manajemen,4,Agama,2,A,4.0,0.585
S125,Manajemen,4,Etika Profesi,2,A,4.0,0.585
S125,Manajemen,4,Metodologi Penelitian,2,A,4.0,0.585
S125,Manajemen,4,Manajemen,3,A,4.0,0.585
S125,Manajemen,4,Pancasila,2,A,4.0,0.585
S125,Manajemen,4,Kewirausahaan,2,A,4.0,0.585
S125,Manajemen,5,Kewirausahaan,2,B+,3.3,0.585
S125,Manajemen,5,Pengantar Ekonomi,3,B,3.0,0.585
S125,Manajemen,5,Bahasa Indonesia,2,A-,3.7,0.585
S125,Manajemen,5,Kalkulus II,3,A-,3.7,0.585
S125,Manajemen,5,Bahasa Inggris,2,A,4.0,0.585
S125,Manajemen,5,Statistika,3,B,3.0,0.585
S126,Teknik Informatika,1,Seminar,1,A,4.0,0.692
S126,Teknik Informatika,1,Fisika,3,B+,3.3,0.692
S126,Teknik Informatika,1,Fisika Dasar II,3,B+,3.3,0.692
S126,Teknik Informatika,1,Bahasa Inggris,2,A,4.0,0.692
S126,Teknik Informatika,1,Jaringan Komputer,3,A,4.0,0.692
S126,Teknik Informatika,2,Pembelajaran Mesin,3,A,4.0,0.692
S126,Teknik Informatika,2,Pemrograman Web,3,A,4.0,0.692
S126,Teknik Informatika,2,Kewarganegaraan,2,A,4.0,0.692
S126,Teknik Informatika,2,Pengantar Matematika,2,B+,3.3,0.692
S126,Teknik Informatika,2,Kewirausahaan,2,A,4.0,0.692
S126,Teknik Informatika,2,Bahasa Inggris,2,A,4.0,0.692
S126,Teknik Informatika,3,Metodologi Penelitian,2,A,4.0,0.692
S126,Teknik Informatika,3,Pemrograman Mobile,3,A,4.0,0.692
S126,Teknik Informatika,3,Kimia Organik,3,B+,3.3,0.692
S126,Teknik Informatika,3,Bahasa Indonesia,2,A-,3.7,0.692
S126,Teknik Informatika,3,Agama,2,B+,3.3,0.692
S126,Teknik Informatika,3,Matematika Diskrit,3,C+,2.3,0.692
S127,Farmasi,1,Skripsi,6,B,3.0,0.739
S127,Farmasi,1,Bahasa Inggris,2,A-,3.7,0.739
S127,Farmasi,1,Etika Profesi,2,B+,3.3,0.739
S127,Farmasi,1,Kewarganegaraan,2,A-,3.7,0.739
S127,Farmasi,1,Pancasila,2,B+,3.3,0.739
S127,Farmasi,1,Mikrobiologi,3,B-,2.7,0.739
S127,Farmasi,2,Kerja Praktik,3,A,4.0,0.739
S127,Farmasi,2,Kimia Organik,3,B+,3.3,0.739
S127,Farmasi,2,Bahasa Inggris,2,A,4.0,0.739
S127,Farmasi,2,Farmakologi,4,B,3.0,0.739
S127,Farmasi,2,Anatomi,4,C,2.0,0.739
S127,Farmasi,2,Biokimia,3,A,4.0,0.739
S127,Farmasi,3,Seminar,1,A-,3.7,0.739
S127,Farmasi,3,Pancasila,2,A,4.0,0.739
S127,Farmasi,3,Genetika,3,B+,3.3,0.739
S127,Farmasi,3,Metodologi Penelitian,2,A,4.0,0.739
S127,Farmasi,3,Bahasa Indonesia,2,A-,3.7,0.739
S127,Farmasi,3,Bahasa Indonesia,2,A,4.0,0.739
S127,Farmasi,3,Kimia Dasar,3,C+,2.3,0.739
S127,Farmasi,4,Kimia Dasar,3,A-,3.7,0.739
S127,Farmasi,4,Kewirausahaan,2,A,4.0,0.739
S127,Farmasi,4,Agama,2,A-,3.7,0.739
S127,Farmasi,4,Kewirausahaan,2,B+,3.3,0.739
S127,Farmasi,4,Fisiologi,4,A,4.0,0.739
S127,Farmasi,4,Agama,2,A-,3.7,0.739
S127,Farmasi,4,Kewarganegaraan,2,A,4.0,0.739
S127,Farmasi,5,Kewarganegaraan,2,A,4.0,0.739
S128,Kedokteran,1,Pancasila,2,A,4.0,0.293
S128,Kedokteran,1,Seminar,1,A-,3.7,0.293
S128,Kedokteran,1,Bahasa Inggris,2,A-,3.7,0.293
S128,Kedokteran,1,Mikrobiologi,3,B+,3.3,0.293
S128,Kedokteran,1,Anatomi,4,A-,3.7,0.293
S128,Kedokteran,1,Metodologi Penelitian,2,A-,3.7,0.293
S128,Kedokteran,2,Agama,2,B,3.0,0.293
S128,Kedokteran,2,Farmakologi,4,A,4.0,0.293
S128,Kedokteran,2,Bahasa Indonesia,2,A,4.0,0.293
S128,Kedokteran,2,Agama,2,A-,3.7,0.293
S128,Kedokteran,2,Kerja Praktik,3,A,4.0,0.293
S129,Sistem Informasi,1,Etika Profesi,2,A,4.0,0.863
S129,Sistem Informasi,1,Pemrograman Web,3,A-,3.7,0.863
S129,Sistem Informasi,1,Statistika,3,A,4.0,0.863
S129,Sistem Informasi,1,Kimia Organik,3,B-,2.7,0.863
S129,Sistem Informasi,1,Metodologi Penelitian,2,A,4.0,0.863
S129,Sistem Informasi,2,Sistem Operasi,3,A,4.0,0.863
S129,Sistem Informasi,2,Matematika Diskrit,3,B+,3.3,0.863
S129,Sistem Informasi,2,Bahasa Inggris,2,A,4.0,0.863
S129,Sistem Informasi,2,Bahasa Inggris,2,A,4.0,0.863
S129,Sistem Informasi,2,Kewarganegaraan,2,A,4.0,0.863
S129,Sistem Informasi,2,Kalkulus III,3,A,4.0,0.863
S129,Sistem Informasi,3,Kimia Dasar,3,B-,2.7,0.863
S129,Sistem Informasi,3,Pengantar Matematika,2,A,4.0,0.863
S129,Sistem Informasi,3,Kalkulus I,3,B+,3.3,0.863
S129,Sistem Informasi,3,Fisika Dasar I,3,A,4.0,0.863
S129,Sistem Informasi,3,Agama,2,A-,3.7,0.863
S129,Sistem Informasi,3,Pancasila,2,B+,3.3,0.863
S129,Sistem Informasi,4,Rekayasa Perangkat Lunak,3,A,4.0,0.863
S129,Sistem Informasi,4,Jaringan Komputer,3,A-,3.7,0.863
S129,Sistem Informasi,4,Aljabar Linear,3,B-,2.7,0.863
S129,Sistem Informasi,4,Grafika Komputer,3,B+,3.3,0.863
S129,Sistem Informasi,4,Pemrograman Berorientasi Objek,3,A,4.0,0.863
S129,Sistem Informasi,4,Bahasa Indonesia,2,A,4.0,0.863
S129,Sistem Informasi,4,Skripsi,6,A,4.0,0.863
S129,Sistem Informasi,5,Skripsi,6,B-,2.7,0.863
S129,Sistem Informasi,5,Pemrograman Mobile,3,A,4.0,0.863
S129,Sistem Informasi,5,Kalkulus II,3,B,3.0,0.863
S129,Sistem Informasi,5,Kewirausahaan,2,B+,3.3,0.863
S129,Sistem Informasi,5,Struktur Data,3,A,4.0,0.863
S129,Sistem Informasi,6,Kewirausahaan,2,A,4.0,0.863
S129,Sistem Informasi,6,Kewarganegaraan,2,A,4.0,0.863
S129,Sistem Informasi,6,Pancasila,2,A,4.0,0.863
S129,Sistem Informasi,6,Fisika Dasar II,3,B,3.0,0.863
S129,Sistem Informasi,6,Fisika,3,A,4.0,0.863
S129,Sistem Informasi,6,Kecerdasan Buatan,3,A-,3.7,0.863
S129,Sistem Informasi,6,Basis Data,3,A,4.0,0.863
S129,Sistem Informasi,7,Basis Data,3,A,4.0,0.863
S129,Sistem Informasi,7,Seminar,1,A-,3.7,0.863
S129,Sistem Informasi,7,Bahasa Indonesia,2,A,4.0,0.863
S129,Sistem Informasi,7,Kerja Praktik,3,A-,3.7,0.863
S129,Sistem Informasi,7,Pembelajaran Mesin,3,A,4.0,0.863
S129,Sistem Informasi,7,Statistika Inferensial,3,B-,2.7,0.863
S130,Manajemen,1,Pancasila,2,B+,3.3,0.62
S130,Manajemen,1,Pengantar Ekonomi,3,B+,3.3,0.62
S130,Manajemen,1,Kalkulus III,3,A,4.0,0.62
S130,Manajemen,1,Statistika,3,A,4.0,0.62
S130,Manajemen,1,Kewarganegaraan,2,A,4.0,0.62
S130,Manajemen,2,Perilaku Organisasi,3,B,3.0,0.62
S130,Manajemen,2,Kewarganegaraan,2,A-,3.7,0.62
S130,Manajemen,2,Aljabar Linear,3,A,4.0,0.62
S130,Manajemen,2,Metodologi Penelitian,2,A,4.0,0.62
S130,Manajemen,2,Etika Profesi,2,A,4.0,0.62
S130,Manajemen,2,Kalkulus I,3,B+,3.3,0.62
S130,Manajemen,2,Pemasaran,3,B,3.0,0.62
S130,Manajemen,3,Pemasaran,3,A,4.0,0.62
S130,Manajemen,3,Pancasila,2,A-,3.7,0.62
S130,Manajemen,3,Akuntansi Keuangan,3,B+,3.3,0.62
S130,Manajemen,3,Manajemen,3,B-,2.7,0.62
S130,Manajemen,3,Kewirausahaan,2,A,4.0,0.62
S130,Manajemen,3,Pengantar Matematika,2,B+,3.3,0.62
S130,Manajemen,4,Kewirausahaan,2,A,4.0,0.62
S130,Manajemen,4,Agama,2,A-,3.7,0.62
S130,Manajemen,4,Bahasa Inggris,2,A,4.0,0.62
S130,Manajemen,4,Matematika Diskrit,3,A,4.0,0.62
S130,Manajemen,4,Bahasa Inggris,2,A-,3.7,0.62
S130,Manajemen,5,Agama,2,A,4.0,0.62
S130,Manajemen,5,Kalkulus II,3,B,3.0,0.62
S130,Manajemen,5,Kerja Praktik,3,A-,3.7,0.62
S130,Manajemen,5,Skripsi,6,A,4.0,0.62
S130,Manajemen,5,Bahasa Indonesia,2,A-,3.7,0.62
S131,Kedokteran,1,Kimia Organik,3,B+,3.3,0.493
S131,Kedokteran,1,Kewirausahaan,2,A,4.0,0.493
S131,Kedokteran,1,Kimia Dasar,3,B+,3.3,0.493
S131,Kedokteran,1,Kewarganegaraan,2,A,4.0,0.493
S131,Kedokteran,1,Anatomi,4,B,3.0,0.493
S131,Kedokteran,2,Fisiologi,4,A,4.0,0.493
S131,Kedokteran,2,Farmakologi,4,B-,2.7,0.493
S131,Kedokteran,2,Pancasila,2,A,4.0,0.493
S131,Kedokteran,2,Kewirausahaan,2,A,4.0,0.493
S131,Kedokteran,2,Mikrobiologi,3,B+,3.3,0.493
S131,Kedokteran,3,Bahasa Inggris,2,A-,3.7,0.493
S131,Kedokteran,3,Kerja Praktik,3,A,4.0,0.493
S131,Kedokteran,3,Bahasa Indonesia,2,A-,3.7,0.493
S131,Kedokteran,3,Bahasa Indonesia,2,A,4.0,0.493
S131,Kedokteran,3,Genetika,3,B+,3.3,0.493
S131,Kedokteran,3,Kewarganegaraan,2,B+,3.3,0.493
S131,Kedokteran,4,Biokimia,3,B,3.0,0.493
S131,Kedokteran,4,Pancasila,2,B+,3.3,0.493
S131,Kedokteran,4,Skripsi,6,A,4.0,0.493
S131,Kedokteran,4,Etika Profesi,2,A,4.0,0.493
S131,Kedokteran,4,Agama,2,A,4.0,0.493
S131,Kedokteran,4,Metodologi Penelitian,2,A,4.0,0.493
S131,Kedokteran,5,Agama,2,A,4.0,0.493
S132,Teknik Sipil,1,Fisika Dasar I,3,A,4.0,0.702
S132,Teknik Sipil,1,Pengantar Matematika,2,A,4.0,0.702
S132,Teknik Sipil,1,Statistika,3,A,4.0,0.702
S132,Teknik Sipil,1,Pancasila,2,A,4.0,0.702
S132,Teknik Sipil,1,Aljabar Linear,3,C+,2.3,0.702
S132,Teknik Sipil,2,Kalkulus I,3,B+,3.3,0.702
S132,Teknik Sipil,2,Pancasila,2,A,4.0,0.702
S132,Teknik Sipil,2,Kerja Praktik,3,A,4.0,0.702
S132,Teknik Sipil,2,Kewirausahaan,2,A,4.0,0.702
S132,Teknik Sipil,2,Fisika Dasar II,3,A,4.0,0.702
S132,Teknik Sipil,2,Kalkulus II,3,B+,3.3,0.702
S132,Teknik Sipil,2,Skripsi,6,A-,3.7,0.702
S132,Teknik Sipil,3,Skripsi,6,A,4.0,0.702
S132,Teknik Sipil,3,Fisika,3,A-,3.7,0.702
S132,Teknik Sipil,3,Kewarganegaraan,2,A,4.0,0.702
S132,Teknik Sipil,3,Kewarganegaraan,2,A,4.0,0.702
S132,Teknik Sipil,3,Kalkulus III,3,B-,2.7,0.702
S132,Teknik Sipil,4,Bahasa Inggris,2,A,4.0,0.702
S132,Teknik Sipil,4,Metodologi Penelitian,2,A,4.0,0.702
S132,Teknik Sipil,4,Seminar,1,A,4.0,0.702
S132,Teknik Sipil,4,Kimia Dasar,3,A,4.0,0.702
S132,Teknik Sipil,4,Bahasa Inggris,2,A,4.0,0.702
S132,Teknik Sipil,5,Kewirausahaan,2,A-,3.7,0.702
S132,Teknik Sipil,5,Agama,2,A-,3.7,0.702
S132,Teknik Sipil,5,Statistika Inferensial,3,A,4.0,0.702
S132,Teknik Sipil,5,Agama,2,A,4.0,0.702
S132,Teknik Sipil,5,Bahasa Indonesia,2,A,4.0,0.702
S132,Teknik Sipil,5,Etika Profesi,2,A,4.0,0.702
S133,Farmasi,1,Pancasila,2,A,4.0,0.417
S133,Farmasi,1,Pancasila,2,A,4.0,0.417
S133,Farmasi,1,Seminar,1,A,4.0,0.417
S133,Farmasi,1,Genetika,3,A,4.0,0.417
S133,Farmasi,1,Kewirausahaan,2,B-,2.7,0.417
S133,Farmasi,1,Metodologi Penelitian,2,B+,3.3,0.417
S133,Farmasi,1,Biokimia,3,A-,3.7,0.417
S133,Farmasi,2,Biokimia,3,C-,1.7,0.417
S133,Farmasi,2,Kimia Dasar,3,B+,3.3,0.417
S133,Farmasi,2,Bahasa Inggris,2,A,4.0,0.417
S133,Farmasi,2,Kerja Praktik,3,A-,3.7,0.417
S133,Farmasi,2,Farmakologi,4,B+,3.3,0.417
S133,Farmasi,2,Bahasa Inggris,2,A-,3.7,0.417
S134,Teknik Elektro,1,Statistika,3,A,4.0,0.562
S134,Teknik Elektro,1,Fisika Dasar II,3,A,4.0,0.562
S134,Teknik Elektro,1,Kewirausahaan,2,B+,3.3,0.562
S134,Teknik Elektro,1,Statistika Inferensial,3,A,4.0,0.562
S134,Teknik Elektro,1,Kewarganegaraan,2,A,4.0,0.562
S134,Teknik Elektro,1,Kimia Organik,3,A,4.0,0.562
S134,Teknik Elektro,1,Kalkulus I,3,B-,2.7,0.562
S134,Teknik Elektro,2,Kalkulus I,3,A,4.0,0.562
S134,Teknik Elektro,2,Pancasila,2,A,4.0,0.562
S134,Teknik Elektro,2,Kewirausahaan,2,B,3.0,0.562
S134,Teknik Elektro,2,Matematika Diskrit,3,A,4.0,0.562
S134,Teknik Elektro,2,Skripsi,6,A,4.0,0.562
S134,Teknik Elektro,3,Kalkulus III,3,B-,2.7,0.562
S134,Teknik Elektro,3,Bahasa Inggris,2,A-,3.7,0.562
S134,Teknik Elektro,3,Metodologi Penelitian,2,A-,3.7,0.562
S134,Teknik Elektro,3,Kewarganegaraan,2,A,4.0,0.562
S134,Teknik Elektro,3,Agama,2,A,4.0,0.562
S134,Teknik Elektro,3,Pancasila,2,B+,3.3,0.562
S134,Teknik Elektro,4,Kimia Dasar,3,A-,3.7,0.562
S134,Teknik Elektro,4,Kalkulus II,3,B+,3.3,0.562
S134,Teknik Elektro,4,Aljabar Linear,3,B+,3.3,0.562
S134,Teknik Elektro,4,Agama,2,A,4.0,0.562
S134,Teknik Elektro,4,Bahasa Inggris,2,A,4.0,0.562
S134,Teknik Elektro,4,Kerja Praktik,3,A,4.0,0.562
S134,Teknik Elektro,4,Fisika,3,A-,3.7,0.562
S135,Farmasi,1,Kewarganegaraan,2,A,4.0,0.599
S135,Farmasi,1,Biokimia,3,C,2.0,0.599
S135,Farmasi,1,Farmakologi,4,B-,2.7,0.599
S135,Farmasi,1,Bahasa Inggris,2,B+,3.3,0.599
S135,Farmasi,1,Pancasila,2,A,4.0,0.599
S135,Farmasi,1,Bahasa Indonesia,2,A,4.0,0.599
S135,Farmasi,2,Kewirausahaan,2,A,4.0,0.599
S135,Farmasi,2,Anatomi,4,A,4.0,0.599
S135,Farmasi,2,Kewarganegaraan,2,B+,3.3,0.599
S135,Farmasi,2,Kimia Dasar,3,B-,2.7,0.599
S135,Farmasi,2,Bahasa Indonesia,2,A,4.0,0.599
S135,Farmasi,2,Fisiologi,4,B-,2.7,0.599
S135,Farmasi,3,Pancasila,2,A,4.0,0.599
S135,Farmasi,3,Agama,2,A,4.0,0.599
S135,Farmasi,3,Agama,2,A,4.0,0.599
S135,Farmasi,3,Bahasa Inggris,2,A-,3.7,0.599
S135,Farmasi,3,Kerja Praktik,3,A-,3.7,0.599
S135,Farmasi,3,Metodologi Penelitian,2,A-,3.7,0.599
S136,Manajemen,1,Aljabar Linear,3,B+,3.3,0.172
S136,Manajemen,1,Agama,2,A,4.0,0.172
S136,Manajemen,1,Kewarganegaraan,2,A,4.0,0.172
S136,Manajemen,1,Etika Profesi,2,B+,3.3,0.172
S136,Manajemen,1,Kalkulus II,3,B+,3.3,0.172
S136,Manajemen,2,Pengantar Ekonomi,3,B+,3.3,0.172
S136,Manajemen,2,Bahasa Inggris,2,A,4.0,0.172
S136,Manajemen,2,Bahasa Indonesia,2,A,4.0,0.172
S136,Manajemen,2,Skripsi,6,B+,3.3,0.172
S136,Manajemen,2,Agama,2,B+,3.3,0.172
S136,Manajemen,2,Metodologi Penelitian,2,B,3.0,0.172
S136,Manajemen,2,Statistika,3,A-,3.7,0.172
S137,Hukum,1,Metodologi Penelitian,2,A,4.0,0.455
S137,Hukum,1,Etika Profesi,2,B+,3.3,0.455
S137,Hukum,1,Pengantar Ilmu Hukum,3,A,4.0,0.455
S137,Hukum,1,Pancasila,2,A-,3.7,0.455
S137,Hukum,1,Agama,2,B+,3.3,0.455
S137,Hukum,1,Kewarganegaraan,2,A,4.0,0.455
S137,Hukum,2,Kewarganegaraan,2,A,4.0,0.455
S137,Hukum,2,Hukum Perdata,3,B+,3.3,0.455
S137,Hukum,2,Bahasa Inggris,2,A-,3.7,0.455
S137,Hukum,2,Kewirausahaan,2,A-,3.7,0.455
S137,Hukum,2,Bahasa Indonesia,2,B,3.0,0.455
S137,Hukum,3,Kerja Praktik,3,A,4.0,0.455
S137,Hukum,3,Hukum Pidana,3,B+,3.3,0.455
S137,Hukum,3,Bahasa Indonesia,2,A,4.0,0.455
S137,Hukum,3,Seminar,1,A,4.0,0.455
S137,Hukum,3,Skripsi,6,C+,2.3,0.455
S137,Hukum,3,Pancasila,2,A,4.0,0.455
S137,Hukum,3,Kewirausahaan,2,A,4.0,0.455
S137,Hukum,4,Kewirausahaan,2,A,4.0,0.455
S137,Hukum,4,Agama,2,B,3.0,0.455
S138,Akuntansi,1,Perilaku Organisasi,3,B+,3.3,0.501
S138,Akuntansi,1,Pengantar Ekonomi,3,B+,3.3,0.501
S138,Akuntansi,1,Seminar,1,A-,3.7,0.501
S138,Akuntansi,1,Kalkulus I,3,A-,3.7,0.501
S138,Akuntansi,1,Kewarganegaraan,2,B+,3.3,0.501
S138,Akuntansi,1,Bahasa Inggris,2,B-,2.7,0.501
S138,Akuntansi,1,Statistika,3,B,3.0,0.501
S138,Akuntansi,2,Statistika,3,B-,2.7,0.501
S138,Akuntansi,2,Bahasa Indonesia,2,A,4.0,0.501
S138,Akuntansi,2,Agama,2,A,4.0,0.501
S138,Akuntansi,2,Matematika Diskrit,3,B+,3.3,0.501
S138,Akuntansi,2,Pancasila,2,A,4.0,0.501
S138,Akuntansi,2,Kewarganegaraan,2,A,4.0,0.501
S138,Akuntansi,3,Agama,2,A,4.0,0.501
S138,Akuntansi,3,Statistika Inferensial,3,C+,2.3,0.501
S138,Akuntansi,3,Bahasa Indonesia,2,A,4.0,0.501
S138,Akuntansi,3,Pemasaran,3,A,4.0,0.501
S138,Akuntansi,3,Kalkulus III,3,A-,3.7,0.501
S138,Akuntansi,3,Kalkulus II,3,A-,3.7,0.501
S138,Akuntansi,4,Pancasila,2,B+,3.3,0.501
S138,Akuntansi,4,Etika Profesi,2,B+,3.3,0.501
S138,Akuntansi,4,Metodologi Penelitian,2,A,4.0,0.501
S138,Akuntansi,4,Kewirausahaan,2,A,4.0,0.501
S138,Akuntansi,4,Skripsi,6,A-,3.7,0.501
S138,Akuntansi,5,Aljabar Linear,3,A,4.0,0.501
S138,Akuntansi,5,Manajemen,3,A-,3.7,0.501
S138,Akuntansi,5,Kewirausahaan,2,A,4.0,0.501
S138,Akuntansi,5,Pengantar Matematika,2,A,4.0,0.501
S138,Akuntansi,5,Bahasa Inggris,2,A,4.0,0.501
S138,Akuntansi,5,Kerja Praktik,3,B+,3.3,0.501
S139,Teknik Elektro,1,Pancasila,2,A,4.0,0.81
S139,Teknik Elektro,1,Bahasa Indonesia,2,A,4.0,0.81
S139,Teknik Elektro,1,Kerja Praktik,3,A,4.0,0.81
S139,Teknik Elektro,1,Bahasa Inggris,2,B+,3.3,0.81
S139,Teknik Elektro,1,Matematika Diskrit,3,B-,2.7,0.81
S139,Teknik Elektro,1,Fisika Dasar II,3,B-,2.7,0.81
S139,Teknik Elektro,1,Kimia Organik,3,C,2.0,0.81
S139,Teknik Elektro,2,Kimia Organik,3,A,4.0,0.81
S139,Teknik Elektro,2,Statistika Inferensial,3,C,2.0,0.81
S139,Teknik Elektro,2,Kalkulus I,3,A,4.0,0.81
S139,Teknik Elektro,2,Metodologi Penelitian,2,A,4.0,0.81
S139,Teknik Elektro,2,Kalkulus II,3,B-,2.7,0.81
S139,Teknik Elektro,2,Agama,2,A-,3.7,0.81
S139,Teknik Elektro,2,Kewirausahaan,2,A,4.0,0.81
S139,Teknik Elektro,3,Kewirausahaan,2,A,4.0,0.81
S139,Teknik Elektro,3,Agama,2,A-,3.7,0.81
S139,Teknik Elektro,3,Bahasa Inggris,2,A-,3.7,0.81
S139,Teknik Elektro,3,Kewarganegaraan,2,A,4.0,0.81
S139,Teknik Elektro,3,Fisika Dasar I,3,A,4.0,0.81
S139,Teknik Elektro,3,Etika Profesi,2,A,4.0,0.81
S139,Teknik Elektro,4,Bahasa Indonesia,2,A,4.0,0.81
S139,Teknik Elektro,4,Statistika,3,A,4.0,0.81
S139,Teknik Elektro,4,Fisika,3,A-,3.7,0.81
S139,Teknik Elektro,4,Pancasila,2,A-,3.7,0.81
S139,Teknik Elektro,4,Pengantar Matematika,2,A,4.0,0.81
S139,Teknik Elektro,4,Kewirausahaan,2,A,4.0,0.81
S140,Ilmu Komunikasi,1,Bahasa Indonesia,2,A,4.0,0.48
S140,Ilmu Komunikasi,1,Kerja Praktik,3,A,4.0,0.48
S140,Ilmu Komunikasi,1,Komunikasi Massa,3,A-,3.7,0.48
S140,Ilmu Komunikasi,1,Pancasila,2,A,4.0,0.48
S140,Ilmu Komunikasi,1,Kewirausahaan,2,A-,3.7,0.48
S140,Ilmu Komunikasi,1,Manajemen,3,B-,2.7,0.48
S140,Ilmu Komunikasi,2,Perilaku Organisasi,3,B-,2.7,0.48
S140,Ilmu Komunikasi,2,Bahasa Inggris,2,A-,3.7,0.48
S140,Ilmu Komunikasi,2,Kewarganegaraan,2,A,4.0,0.48
S140,Ilmu Komunikasi,2,Bahasa Inggris,2,A,4.0,0.48
S140,Ilmu Komunikasi,2,Seminar,1,B,3.0,0.48
S140,Ilmu Komunikasi,2,Agama,2,A,4.0,0.48
S140,Ilmu Komunikasi,2,Agama,2,A,4.0,0.48
S141,Teknik Elektro,1,Kalkulus III,3,C-,1.7,0.651
S141,Teknik Elektro,1,Metodologi Penelitian,2,A,4.0,0.651
S141,Teknik Elektro,1,Bahasa Inggris,2,A,4.0,0.651
S141,Teknik Elektro,1,Kewarganegaraan,2,A,4.0,0.651
S141,Teknik Elektro,1,Fisika Dasar II,3,C+,2.3,0.651
S141,Teknik Elektro,2,Bahasa Indonesia,2,B+,3.3,0.651
S141,Teknik Elektro,2,Kewirausahaan,2,A-,3.7,0.651
S141,Teknik Elektro,2,Kewirausahaan,2,A,4.0,0.651
S141,Teknik Elektro,2,Kimia Dasar,3,A,4.0,0.651
S141,Teknik Elektro,2,Fisika,3,B,3.0,0.651
S141,Teknik Elektro,2,Etika Profesi,2,A-,3.7,0.651
S141,Teknik Elektro,3,Kerja Praktik,3,B+,3.3,0.651
S141,Teknik Elektro,3,Kewarganegaraan,2,A-,3.7,0.651
S141,Teknik Elektro,3,Matematika Diskrit,3,B,3.0,0.651
S141,Teknik Elektro,3,Statistika,3,A,4.0,0.651
S141,Teknik Elektro,3,Agama,2,A,4.0,0.651
S141,Teknik Elektro,4,Kimia Organik,3,B-,2.7,0.651
S141,Teknik Elektro,4,Seminar,1,A,4.0,0.651
S141,Teknik Elektro,4,Aljabar Linear,3,B,3.0,0.651
S141,Teknik Elektro,4,Bahasa Indonesia,2,A,4.0,0.651
S141,Teknik Elektro,4,Pancasila,2,A,4.0,0.651
S141,Teknik Elektro,4,Kalkulus II,3,A,4.0,0.651
S141,Teknik Elektro,4,Kalkulus I,3,A-,3.7,0.651
S142,Ilmu Komunikasi,1,Metodologi Penelitian,2,B,3.0,0.709
S142,Ilmu Komunikasi,1,Kewirausahaan,2,B+,3.3,0.709
S142,Ilmu Komunikasi,1,Kewirausahaan,2,A,4.0,0.709
S142,Ilmu Komunikasi,1,Pancasila,2,B+,3.3,0.709
S142,Ilmu Komunikasi,1,Skripsi,6,A-,3.7,0.709
S142,Ilmu Komunikasi,1,Kerja Praktik,3,A,4.0,0.709
S142,Ilmu Komunikasi,1,Kewarganegaraan,2,A,4.0,0.709
S142,Ilmu Komunikasi,2,Kewarganegaraan,2,A,4.0,0.709
S142,Ilmu Komunikasi,2,Etika Profesi,2,A,4.0,0.709
S142,Ilmu Komunikasi,2,Manajemen,3,A,4.0,0.709
S142,Ilmu Komunikasi,2,Perilaku Organisasi,3,B-,2.7,0.709
S142,Ilmu Komunikasi,2,Agama,2,A,4.0,0.709
S142,Ilmu Komunikasi,3,Komunikasi Massa,3,A,4.0,0.709
S142,Ilmu Komunikasi,3,Bahasa Indonesia,2,A,4.0,0.709
S142,Ilmu Komunikasi,3,Kewarganegaraan,2,A,4.0,0.709
S142,Ilmu Komunikasi,3,Bahasa Inggris,2,A,4.0,0.709
S142,Ilmu Komunikasi,3,Pemasaran,3,A-,3.7,0.709
S142,Ilmu Komunikasi,3,Bahasa Inggris,2,A-,3.7,0.709
S142,Ilmu Komunikasi,4,Agama,2,B,3.0,0.709
S142,Ilmu Komunikasi,4,Pancasila,2,B+,3.3,0.709
S142,Ilmu Komunikasi,4,Komunikasi Organisasi,3,B+,3.3,0.709
S142,Ilmu Komunikasi,4,Bahasa Indonesia,2,B+,3.3,0.709
S143,Biologi,1,Seminar,1,A,4.0,0.638
S143,Biologi,1,Bahasa Inggris,2,A,4.0,0.638
S143,Biologi,1,Pancasila,2,A,4.0,0.638
S143,Biologi,1,Bahasa Indonesia,2,A-,3.7,0.638
S143,Biologi,1,Kerja Praktik,3,B+,3.3,0.638
S143,Biologi,1,Bahasa Inggris,2,A,4.0,0.638
S143,Biologi,1,Skripsi,6,B+,3.3,0.638
S143,Biologi,2,Skripsi,6,A,4.0,0.638
S143,Biologi,2,Etika Profesi,2,A,4.0,0.638
S143,Biologi,2,Agama,2,A,4.0,0.638
S143,Biologi,2,Mikrobiologi,3,B-,2.7,0.638
S143,Biologi,2,Pengantar Matematika,2,B+,3.3,0.638
S143,Biologi,3,Kalkulus II,3,A,4.0,0.638
S143,Biologi,3,Kewarganegaraan,2,A-,3.7,0.638
S143,Biologi,3,Aljabar Linear,3,A-,3.7,0.638
S143,Biologi,3,Statistika Inferensial,3,A-,3.7,0.638
S143,Biologi,3,Kimia Organik,3,A,4.0,0.638
S143,Biologi,3,Kewarganegaraan,2,A,4.0,0.638
S143,Biologi,3,Kalkulus III,3,A,4.0,0.638
S144,Sistem Informasi,1,Aljabar Linear,3,B-,2.7,0.63
S144,Sistem Informasi,1,Bahasa Inggris,2,A,4.0,0.63
S144,Sistem Informasi,1,Kimia Dasar,3,A-,3.7,0.63
S144,Sistem Informasi,1,Kalkulus I,3,A,4.0,0.63
S144,Sistem Informasi,1,Bahasa Inggris,2,A,4.0,0.63
S144,Sistem Informasi,1,Bahasa Indonesia,2,A,4.0,0.63
S144,Sistem Informasi,1,Fisika Dasar II,3,B,3.0,0.63
S144,Sistem Informasi,2,Fisika Dasar II,3,B,3.0,0.63
S144,Sistem Informasi,2,Agama,2,A-,3.7,0.63
S144,Sistem Informasi,2,Pemrograman Mobile,3,B+,3.3,0.63
S144,Sistem Informasi,2,Kalkulus II,3,A,4.0,0.63
S144,Sistem Informasi,2,Metodologi Penelitian,2,A-,3.7,0.63
S144,Sistem Informasi,2,Pembelajaran Mesin,3,C-,1.7,0.63
S144,Sistem Informasi,3,Sistem Operasi,3,A-,3.7,0.63
S144,Sistem Informasi,3,Kewirausahaan,2,A,4.0,0.63
S144,Sistem Informasi,3,Skripsi,6,B,3.0,0.63
S144,Sistem Informasi,3,Rekayasa Perangkat Lunak,3,A-,3.7,0.63
S144,Sistem Informasi,3,Jaringan Komputer,3,A,4.0,0.63
S144,Sistem Informasi,4,Algoritma dan Pemrograman,4,B+,3.3,0.63
S144,Sistem Informasi,4,Statistika,3,A,4.0,0.63
S144,Sistem Informasi,4,Statistika Inferensial,3,A-,3.7,0.63
S144,Sistem Informasi,4,Kewarganegaraan,2,A,4.0,0.63
S144,Sistem Informasi,4,Kalkulus III,3,B,3.0,0.63
S144,Sistem Informasi,5,Pemrograman Berorientasi Objek,3,C,2.0,0.63
S144,Sistem Informasi,5,Kecerdasan Buatan,3,B+,3.3,0.63
S144,Sistem Informasi,5,Kewarganegaraan,2,A,4.0,0.63
S144,Sistem Informasi,5,Struktur Data,3,A-,3.7,0.63
S144,Sistem Informasi,5,Basis Data,3,B+,3.3,0.63
S144,Sistem Informasi,5,Kerja Praktik,3,A-,3.7,0.63
S144,Sistem Informasi,6,Fisika,3,A,4.0,0.63
S144,Sistem Informasi,6,Pancasila,2,A,4.0,0.63
S144,Sistem Informasi,6,Kimia Organik,3,A,4.0,0.63
S144,Sistem Informasi,6,Pancasila,2,A-,3.7,0.63
S144,Sistem Informasi,6,Pemrograman Web,3,A,4.0,0.63
S144,Sistem Informasi,6,Pengantar Matematika,2,A,4.0,0.63
S145,Teknik Mesin,1,Matematika Diskrit,3,B+,3.3,0.419
S145,Teknik Mesin,1,Seminar,1,A,4.0,0.419
S145,Teknik Mesin,1,Kewarganegaraan,2,A,4.0,0.419
S145,Teknik Mesin,1,Pancasila,2,A,4.0,0.419
S145,Teknik Mesin,1,Pengantar Matematika,2,A,4.0,0.419
S145,Teknik Mesin,1,Etika Profesi,2,A,4.0,0.419
S145,Teknik Mesin,2,Statistika Inferensial,3,B-,2.7,0.419
S145,Teknik Mesin,2,Bahasa Indonesia,2,A,4.0,0.419
S145,Teknik Mesin,2,Statistika,3,A,4.0,0.419
S145,Teknik Mesin,2,Kimia Organik,3,C,2.0,0.419
S145,Teknik Mesin,2,Pancasila,2,B+,3.3,0.419
S145,Teknik Mesin,3,Agama,2,A-,3.7,0.419
S145,Teknik Mesin,3,Bahasa Indonesia,2,A-,3.7,0.419
S145,Teknik Mesin,3,Kalkulus II,3,A-,3.7,0.419
S145,Teknik Mesin,3,Kewirausahaan,2,A-,3.7,0.419
S145,Teknik Mesin,3,Metodologi Penelitian,2,A,4.0,0.419
S145,Teknik Mesin,3,Kalkulus III,3,B-,2.7,0.419
S145,Teknik Mesin,4,Kewirausahaan,2,A,4.0,0.419
S145,Teknik Mesin,4,Kewarganegaraan,2,A-,3.7,0.419
S145,Teknik Mesin,4,Fisika,3,A-,3.7,0.419
S145,Teknik Mesin,4,Aljabar Linear,3,A-,3.7,0.419
S145,Teknik Mesin,4,Kimia Dasar,3,B-,2.7,0.419
S145,Teknik Mesin,4,Bahasa Inggris,2,A,4.0,0.419
S145,Teknik Mesin,4,Fisika Dasar I,3,A-,3.7,0.419
S145,Teknik Mesin,5,Fisika Dasar I,3,B,3.0,0.419
S145,Teknik Mesin,5,Fisika Dasar II,3,B,3.0,0.419
S145,Teknik Mesin,5,Kalkulus I,3,B+,3.3,0.419
S145,Teknik Mesin,5,Bahasa Inggris,2,B+,3.3,0.419
S145,Teknik Mesin,5,Agama,2,A,4.0,0.419
S146,Manajemen,1,Kalkulus II,3,B+,3.3,0.768
S146,Manajemen,1,Bahasa Indonesia,2,A-,3.7,0.768
S146,Manajemen,1,Statistika Inferensial,3,A,4.0,0.768
S146,Manajemen,1,Kerja Praktik,3,B+,3.3,0.768
S146,Manajemen,1,Kalkulus III,3,B-,2.7,0.768
S146,Manajemen,1,Etika Profesi,2,A,4.0,0.768
S146,Manajemen,2,Pengantar Ekonomi,3,B+,3.3,0.768
S146,Manajemen,2,Pengantar Matematika,2,A,4.0,0.768
S146,Manajemen,2,Akuntansi Keuangan,3,A-,3.7,0.768
S146,Manajemen,2,Bahasa Indonesia,2,A-,3.7,0.768
S146,Manajemen,2,Skripsi,6,A,4.0,0.768
S146,Manajemen,3,Matematika Diskrit,3,A,4.0,0.768
S146,Manajemen,3,Aljabar Linear,3,A,4.0,0.768
S146,Manajemen,3,Pancasila,2,A-,3.7,0.768
S146,Manajemen,3,Agama,2,A,4.0,0.768
S146,Manajemen,3,Perilaku Organisasi,3,A,4.0,0.768
S147,Teknik Informatika,1,Kalkulus II,3,A,4.0,0.427
S147,Teknik Informatika,1,Etika Profesi,2,A,4.0,0.427
S147,Teknik Informatika,1,Metodologi Penelitian,2,A,4.0,0.427
S147,Teknik Informatika,1,Pengantar Matematika,2,A-,3.7,0.427
S147,Teknik Informatika,1,Kimia Dasar,3,B,3.0,0.427
S147,Teknik Informatika,2,Bahasa Indonesia,2,A-,3.7,0.427
S147,Teknik Informatika,2,Kecerdasan Buatan,3,B-,2.7,0.427
S147,Teknik Informatika,2,Fisika,3,B+,3.3,0.427
S147,Teknik Informatika,2,Bahasa Inggris,2,B+,3.3,0.427
S147,Teknik Informatika,2,Statistika,3,A,4.0,0.427
S147,Teknik Informatika,2,Rekayasa Perangkat Lunak,3,A,4.0,0.427
S147,Teknik Informatika,3,Pemrograman Mobile,3,C+,2.3,0.427
S147,Teknik Informatika,3,Kewarganegaraan,2,A,4.0,0.427
S147,Teknik Informatika,3,Aljabar Linear,3,B,3.0,0.427
S147,Teknik Informatika,3,Kalkulus I,3,A,4.0,0.427
S147,Teknik Informatika,3,Kewirausahaan,2,A-,3.7,0.427
S147,Teknik Informatika,3,Basis Data,3,A,4.0,0.427
S147,Teknik Informatika,4,Kalkulus III,3,B+,3.3,0.427
S147,Teknik Informatika,4,Pembelajaran Mesin,3,B+,3.3,0.427
S147,Teknik Informatika,4,Agama,2,A,4.0,0.427
S147,Teknik Informatika,4,Grafika Komputer,3,C+,2.3,0.427
S147,Teknik Informatika,4,Bahasa Indonesia,2,A,4.0,0.427
S147,Teknik Informatika,4,Fisika Dasar II,3,A,4.0,0.427
S147,Teknik Informatika,5,Struktur Data,3,B+,3.3,0.427
S147,Teknik Informatika,5,Pemrograman Berorientasi Objek,3,B+,3.3,0.427
S147,Teknik Informatika,5,Agama,2,A,4.0,0.427
S147,Teknik Informatika,5,Sistem Operasi,3,A,4.0,0.427
S147,Teknik Informatika,5,Matematika Diskrit,3,B,3.0,0.427
S147,Teknik Informatika,5,Pancasila,2,A,4.0,0.427
S147,Teknik Informatika,5,Seminar,1,A-,3.7,0.427
S148,Teknik Elektro,1,Skripsi,6,B+,3.3,0.68
S148,Teknik Elektro,1,Kewarganegaraan,2,B+,3.3,0.68
S148,Teknik Elektro,1,Matematika Diskrit,3,C+,2.3,0.68
S148,Teknik Elektro,1,Statistika Inferensial,3,A-,3.7,0.68
S148,Teknik Elektro,1,Kewirausahaan,2,B-,2.7,0.68
S148,Teknik Elektro,1,Bahasa Inggris,2,A-,3.7,0.68
S148,Teknik Elektro,1,Pancasila,2,A,4.0,0.68
S148,Teknik Elektro,2,Pancasila,2,A,4.0,0.68
S148,Teknik Elektro,2,Pengantar Matematika,2,A-,3.7,0.68
S148,Teknik Elektro,2,Kerja Praktik,3,A,4.0,0.68
S148,Teknik Elektro,2,Agama,2,A,4.0,0.68
S148,Teknik Elektro,2,Agama,2,A,4.0,0.68
S148,Teknik Elektro,2,Fisika Dasar I,3,B-,2.7,0.68
S148,Teknik Elektro,3,Bahasa Indonesia,2,A,4.0,0.68
S148,Teknik Elektro,3,Kalkulus III,3,B+,3.3,0.68
S148,Teknik Elektro,3,Kewirausahaan,2,A,4.0,0.68
S148,Teknik Elektro,3,Kimia Organik,3,A-,3.7,0.68
S148,Teknik Elektro,3,Seminar,1,A,4.0,0.68
S148,Teknik Elektro,4,Aljabar Linear,3,B+,3.3,0.68
S148,Teknik Elektro,4,Metodologi Penelitian,2,B+,3.3,0.68
S148,Teknik Elektro,4,Kalkulus II,3,C-,1.7,0.68
S148,Teknik Elektro,4,Etika Profesi,2,A,4.0,0.68
S148,Teknik Elektro,4,Bahasa Inggris,2,A,4.0,0.68
S148,Teknik Elektro,4,Fisika,3,A,4.0,0.68
S149,Teknik Informatika,1,Metodologi Penelitian,2,B+,3.3,0.577
S149,Teknik Informatika,1,Aljabar Linear,3,C+,2.3,0.577
S149,Teknik Informatika,1,Kecerdasan Buatan,3,B-,2.7,0.577
S149,Teknik Informatika,1,Kalkulus III,3,B+,3.3,0.577
S149,Teknik Informatika,1,Pancasila,2,A,4.0,0.577
S149,Teknik Informatika,1,Bahasa Indonesia,2,A,4.0,0.577
S149,Teknik Informatika,2,Etika Profesi,2,A,4.0,0.577
S149,Teknik Informatika,2,Grafika Komputer,3,A-,3.7,0.577
S149,Teknik Informatika,2,Fisika Dasar I,3,A-,3.7,0.577
S149,Teknik Informatika,2,Pengantar Matematika,2,A,4.0,0.577
S149,Teknik Informatika,2,Skripsi,6,A,4.0,0.577
S149,Teknik Informatika,2,Fisika,3,A-,3.7,0.577
S149,Teknik Informatika,3,Struktur Data,3,B,3.0,0.577
S149,Teknik Informatika,3,Jaringan Komputer,3,A,4.0,0.577
S149,Teknik Informatika,3,Bahasa Indonesia,2,A,4.0,0.577
S149,Teknik Informatika,3,Kalkulus II,3,B,3.0,0.577
S149,Teknik Informatika,3,Kewirausahaan,2,A-,3.7,0.577
S149,Teknik Informatika,3,Algoritma dan Pemrograman,4,B,3.0,0.577
S149,Teknik Informatika,4,Sistem Operasi,3,A,4.0,0.577
S149,Teknik Informatika,4,Statistika,3,B,3.0,0.577
S149,Teknik Informatika,4,Pembelajaran Mesin,3,B-,2.7,0.577
S149,Teknik Informatika,4,Statistika Inferensial,3,A-,3.7,0.577
S149,Teknik Informatika,4,Pemrograman Web,3,B-,2.7,0.577
S149,Teknik Informatika,4,Kimia Dasar,3,B-,2.7,0.577
S149,Teknik Informatika,4,Agama,2,A,4.0,0.577
S149,Teknik Informatika,5,Agama,2,A-,3.7,0.577
S149,Teknik Informatika,5,Matematika Diskrit,3,A,4.0,0.577
S149,Teknik Informatika,5,Rekayasa Perangkat Lunak,3,A-,3.7,0.577
S149,Teknik Informatika,5,Bahasa Inggris,2,B+,3.3,0.577
S149,Teknik Informatika,5,Basis Data,3,C+,2.3,0.577
S149,Teknik Informatika,5,Seminar,1,A,4.0,0.577
S149,Teknik Informatika,6,Pemrograman Berorientasi Objek,3,C+,2.3,0.577
S149,Teknik Informatika,6,Pancasila,2,A,4.0,0.577
S149,Teknik Informatika,6,Kalkulus I,3,B+,3.3,0.577
S149,Teknik Informatika,6,Kewirausahaan,2,A-,3.7,0.577
S149,Teknik Informatika,6,Kimia Organik,3,A-,3.7,0.577
S149,Teknik Informatika,6,Kerja Praktik,3,A,4.0,0.577
S149,Teknik Informatika,6,Fisika Dasar II,3,A,4.0,0.577
S150,Teknik Sipil,1,Agama,2,A,4.0,0.499
S150,Teknik Sipil,1,Kimia Organik,3,C-,1.7,0.499
S150,Teknik Sipil,1,Kimia Dasar,3,B+,3.3,0.499
S150,Teknik Sipil,1,Bahasa Inggris,2,A,4.0,0.499
S150,Teknik Sipil,1,Pancasila,2,A-,3.7,0.499
S150,Teknik Sipil,1,Kewarganegaraan,2,B-,2.7,0.499
S150,Teknik Sipil,1,Pancasila,2,A,4.0,0.499
S150,Teknik Sipil,2,Pancasila,2,A,4.0,0.499
S150,Teknik Sipil,2,Bahasa Inggris,2,B,3.0,0.499
S150,Teknik Sipil,2,Aljabar Linear,3,B+,3.3,0.499
S150,Teknik Sipil,2,Agama,2,A,4.0,0.499
S150,Teknik Sipil,2,Bahasa Indonesia,2,A,4.0,0.499
S150,Teknik Sipil,2,Bahasa Indonesia,2,A-,3.7,0.499
S150,Teknik Sipil,3,Kalkulus II,3,B-,2.7,0.499
S150,Teknik Sipil,3,Kewirausahaan,2,A,4.0,0.499
S150,Teknik Sipil,3,Fisika Dasar I,3,C+,2.3,0.499
S150,Teknik Sipil,3,Skripsi,6,B,3.0,0.499
S150,Teknik Sipil,3,Statistika,3,B,3.0,0.499
S151,Biologi,1,Pancasila,2,A,4.0,0.557
S151,Biologi,1,Skripsi,6,A,4.0,0.557
S151,Biologi,1,Statistika Inferensial,3,B-,2.7,0.557
S151,Biologi,1,Bahasa Indonesia,2,A,4.0,0.557
S151,Biologi,1,Pengantar Matematika,2,A-,3.7,0.557
S151,Biologi,1,Kewarganegaraan,2,A,4.0,0.557
S151,Biologi,1,Kerja Praktik,3,A,4.0,0.557
S151,Biologi,2,Kerja Praktik,3,A-,3.7,0.557
S151,Biologi,2,Kalkulus III,3,C+,2.3,0.557
S151,Biologi,2,Kewarganegaraan,2,A,4.0,0.557
S151,Biologi,2,Metodologi Penelitian,2,B+,3.3,0.557
S151,Biologi,2,Agama,2,A-,3.7,0.557
S151,Biologi,2,Kewirausahaan,2,B,3.0,0.557
S151,Biologi,2,Statistika,3,A,4.0,0.557
S151,Biologi,3,Statistika,3,A,4.0,0.557
S151,Biologi,3,Aljabar Linear,3,A-,3.7,0.557
S151,Biologi,3,Kalkulus I,3,C+,2.3,0.557
S151,Biologi,3,Bahasa Inggris,2,A,4.0,0.557
S151,Biologi,3,Etika Profesi,2,B,3.0,0.557
S151,Biologi,4,Kalkulus II,3,A-,3.7,0.557
S151,Biologi,4,Mikrobiologi,3,A-,3.7,0.557
S151,Biologi,4,Seminar,1,A-,3.7,0.557
S151,Biologi,4,Kimia Dasar,3,A,4.0,0.557
S151,Biologi,4,Bahasa Indonesia,2,A-,3.7,0.557
S151,Biologi,4,Agama,2,B+,3.3,0.557
S151,Biologi,4,Kewirausahaan,2,B-,2.7,0.557
S152,Hukum,1,Kewirausahaan,2,A-,3.7,0.449
S152,Hukum,1,Metodologi Penelitian,2,A,4.0,0.449
S152,Hukum,1,Seminar,1,A-,3.7,0.449
S152,Hukum,1,Hukum Pidana,3,B+,3.3,0.449
S152,Hukum,1,Bahasa Inggris,2,A-,3.7,0.449
S152,Hukum,2,Kewirausahaan,2,A,4.0,0.449
S152,Hukum,2,Kewarganegaraan,2,A-,3.7,0.449
S152,Hukum,2,Kerja Praktik,3,A,4.0,0.449
S152,Hukum,2,Bahasa Indonesia,2,A,4.0,0.449
S152,Hukum,2,Skripsi,6,A-,3.7,0.449
S153,Ilmu Komunikasi,1,Pemasaran,3,B+,3.3,0.829
S153,Ilmu Komunikasi,1,Pancasila,2,B+,3.3,0.829
S153,Ilmu Komunikasi,1,Kewirausahaan,2,A,4.0,0.829
S153,Ilmu Komunikasi,1,Skripsi,6,B+,3.3,0.829
S153,Ilmu Komunikasi,1,Komunikasi Organisasi,3,A,4.0,0.829
S153,Ilmu Komunikasi,1,Kewarganegaraan,2,A,4.0,0.829
S153,Ilmu Komunikasi,2,Seminar,1,A,4.0,0.829
S153,Ilmu Komunikasi,2,Etika Profesi,2,A-,3.7,0.829
S153,Ilmu Komunikasi,2,Agama,2,A,4.0,0.829
S153,Ilmu Komunikasi,2,Perilaku Organisasi,3,A,4.0,0.829
S153,Ilmu Komunikasi,2,Bahasa Inggris,2,A-,3.7,0.829
S153,Ilmu Komunikasi,2,Kewarganegaraan,2,A,4.0,0.829
S153,Ilmu Komunikasi,3,Metodologi Penelitian,2,A-,3.7,0.829
S153,Ilmu Komunikasi,3,Bahasa Indonesia,2,A-,3.7,0.829
S153,Ilmu Komunikasi,3,Kerja Praktik,3,A,4.0,0.829
S153,Ilmu Komunikasi,3,Kewirausahaan,2,A,4.0,0.829
S153,Ilmu Komunikasi,3,Manajemen,3,A-,3.7,0.829
S153,Ilmu Komunikasi,3,Bahasa Inggris,2,A,4.0,0.829
S153,Ilmu Komunikasi,4,Agama,2,A,4.0,0.829
S153,Ilmu Komunikasi,4,Bahasa Indonesia,2,A,4.0,0.829
S153,Ilmu Komunikasi,4,Komunikasi Massa,3,A-,3.7,0.829
S153,Ilmu Komunikasi,4,Pancasila,2,A,4.0,0.829
S154,Teknik Elektro,1,Pengantar Matematika,2,B+,3.3,0.388
S154,Teknik Elektro,1,Statistika Inferensial,3,A,4.0,0.388
S154,Teknik Elektro,1,Etika Profesi,2,A-,3.7,0.388
S154,Teknik Elektro,1,Agama,2,A-,3.7,0.388
S154,Teknik Elektro,1,Kewirausahaan,2,A,4.0,0.388
S154,Teknik Elektro,2,Bahasa Indonesia,2,A,4.0,0.388
S154,Teknik Elektro,2,Statistika,3,B+,3.3,0.388
S154,Teknik Elektro,2,Bahasa Indonesia,2,A,4.0,0.388
S154,Teknik Elektro,2,Bahasa Inggris,2,A,4.0,0.388
S154,Teknik Elektro,2,Seminar,1,B+,3.3,0.388
S154,Teknik Elektro,2,Aljabar Linear,3,B+,3.3,0.388
S154,Teknik Elektro,2,Kewarganegaraan,2,A,4.0,0.388
S154,Teknik Elektro,3,Kewarganegaraan,2,A,4.0,0.388
S154,Teknik Elektro,3,Metodologi Penelitian,2,A,4.0,0.388
S154,Teknik Elektro,3,Kerja Praktik,3,A-,3.7,0.388
S154,Teknik Elektro,3,Fisika Dasar I,3,A,4.0,0.388
S154,Teknik Elektro,3,Bahasa Inggris,2,B,3.0,0.388
S154,Teknik Elektro,4,Kimia Dasar,3,C+,2.3,0.388
S154,Teknik Elektro,4,Skripsi,6,A,4.0,0.388
S154,Teknik Elektro,4,Kalkulus II,3,A-,3.7,0.388
S154,Teknik Elektro,4,Pancasila,2,A,4.0,0.388
S154,Teknik Elektro,4,Kalkulus I,3,A,4.0,0.388
S154,Teknik Elektro,4,Agama,2,A-,3.7,0.388
S154,Teknik Elektro,4,Kimia Organik,3,B+,3.3,0.388
S154,Teknik Elektro,5,Kimia Organik,3,C+,2.3,0.388
S154,Teknik Elektro,5,Kewirausahaan,2,A,4.0,0.388
S154,Teknik Elektro,5,Pancasila,2,B+,3.3,0.388
S154,Teknik Elektro,5,Fisika Dasar II,3,B+,3.3,0.388
S154,Teknik Elektro,5,Kewarganegaraan,2,A-,3.7,0.388
S154,Teknik Elektro,5,Fisika,3,A-,3.7,0.388
S155,Teknik Informatika,1,Kalkulus I,3,B+,3.3,0.473
S155,Teknik Informatika,1,Pemrograman Web,3,B+,3.3,0.473
S155,Teknik Informatika,1,Seminar,1,B+,3.3,0.473
S155,Teknik Informatika,1,Kewarganegaraan,2,A,4.0,0.473
S155,Teknik Informatika,1,Kimia Dasar,3,A-,3.7,0.473
S155,Teknik Informatika,2,Struktur Data,3,B,3.0,0.473
S155,Teknik Informatika,2,Sistem Operasi,3,B-,2.7,0.473
S155,Teknik Informatika,2,Kalkulus II,3,A,4.0,0.473
S155,Teknik Informatika,2,Bahasa Inggris,2,A,4.0,0.473
S155,Teknik Informatika,2,Pemrograman Berorientasi Objek,3,A-,3.7,0.473
S155,Teknik Informatika,2,Pancasila,2,A,4.0,0.473
S155,Teknik Informatika,2,Basis Data,3,A,4.0,0.473
S156,Teknik Sipil,1,Kimia Organik,3,A,4.0,0.742
S156,Teknik Sipil,1,Kalkulus III,3,B,3.0,0.742
S156,Teknik Sipil,1,Skripsi,6,B,3.0,0.742
S156,Teknik Sipil,1,Agama,2,A,4.0,0.742
S156,Teknik Sipil,1,Kerja Praktik,3,A,4.0,0.742
S156,Teknik Sipil,1,Etika Profesi,2,A,4.0,0.742
S156,Teknik Sipil,2,Bahasa Inggris,2,A,4.0,0.742
S156,Teknik Sipil,2,Bahasa Inggris,2,A-,3.7,0.742
S156,Teknik Sipil,2,Aljabar Linear,3,A,4.0,0.742
S156,Teknik Sipil,2,Agama,2,A,4.0,0.742
S156,Teknik Sipil,2,Bahasa Indonesia,2,A-,3.7,0.742
S156,Teknik Sipil,2,Kewirausahaan,2,A-,3.7,0.742
S156,Teknik Sipil,3,Kalkulus II,3,B,3.0,0.742
S156,Teknik Sipil,3,Metodologi Penelitian,2,A,4.0,0.742
S156,Teknik Sipil,3,Kewarganegaraan,2,A,4.0,0.742
S156,Teknik Sipil,3,Matematika Diskrit,3,B+,3.3,0.742
S156,Teknik Sipil,3,Kalkulus I,3,A,4.0,0.742
S156,Teknik Sipil,3,Kimia Dasar,3,B+,3.3,0.742
S156,Teknik Sipil,4,Pancasila,2,A,4.0,0.742
S156,Teknik Sipil,4,Kewirausahaan,2,A,4.0,0.742
S156,Teknik Sipil,4,Fisika Dasar I,3,A,4.0,0.742
S156,Teknik Sipil,4,Pancasila,2,A,4.0,0.742
S156,Teknik Sipil,4,Statistika,3,A,4.0,0.742
S156,Teknik Sipil,4,Fisika Dasar II,3,B+,3.3,0.742
S157,Kedokteran,1,Etika Profesi,2,A,4.0,0.681
S157,Kedokteran,1,Fisiologi,4,C,2.0,0.681
S157,Kedokteran,1,Kimia Organik,3,B-,2.7,0.681
S157,Kedokteran,1,Metodologi Penelitian,2,A,4.0,0.681
S157,Kedokteran,1,Pancasila,2,A,4.0,0.681
S157,Kedokteran,1,Kewirausahaan,2,A,4.0,0.681
S157,Kedokteran,1,Skripsi,6,A,4.0,0.681
S157,Kedokteran,2,Skripsi,6,A,4.0,0.681
S157,Kedokteran,2,Bahasa Inggris,2,A,4.0,0.681
S157,Kedokteran,2,Pancasila,2,A,4.0,0.681
S157,Kedokteran,2,Anatomi,4,B-,2.7,0.681
S157,Kedokteran,2,Mikrobiologi,3,A,4.0,0.681
S157,Kedokteran,2,Seminar,1,A,4.0,0.681
S157,Kedokteran,2,Bahasa Inggris,2,A,4.0,0.681
S157,Kedokteran,3,Bahasa Inggris,2,A,4.0,0.681
S157,Kedokteran,3,Bahasa Indonesia,2,A,4.0,0.681
S157,Kedokteran,3,Genetika,3,A,4.0,0.681
S157,Kedokteran,3,Biokimia,3,C,2.0,0.681
S157,Kedokteran,3,Kimia Dasar,3,A,4.0,0.681
S157,Kedokteran,3,Kewarganegaraan,2,A,4.0,0.681
S157,Kedokteran,3,Kewarganegaraan,2,A-,3.7,0.681
S158,Ilmu Komunikasi,1,Kewirausahaan,2,C+,2.3,0.39
S158,Ilmu Komunikasi,1,Metodologi Penelitian,2,A-,3.7,0.39
S158,Ilmu Komunikasi,1,Pancasila,2,A,4.0,0.39
S158,Ilmu Komunikasi,1,Agama,2,A,4.0,0.39
S158,Ilmu Komunikasi,1,Bahasa Inggris,2,A-,3.7,0.39
S158,Ilmu Komunikasi,1,Agama,2,A,4.0,0.39
S158,Ilmu Komunikasi,2,Komunikasi Organisasi,3,A,4.0,0.39
S158,Ilmu Komunikasi,2,Komunikasi Massa,3,A,4.0,0.39
S158,Ilmu Komunikasi,2,Perilaku Organisasi,3,A,4.0,0.39
S158,Ilmu Komunikasi,2,Pancasila,2,B+,3.3,0.39
S158,Ilmu Komunikasi,2,Manajemen,3,B+,3.3,0.39
S158,Ilmu Komunikasi,2,Bahasa Indonesia,2,B+,3.3,0.39
S158,Ilmu Komunikasi,2,Bahasa Indonesia,2,B+,3.3,0.39
S158,Ilmu Komunikasi,3,Bahasa Indonesia,2,B-,2.7,0.39
S158,Ilmu Komunikasi,3,Kerja Praktik,3,A,4.0,0.39
S158,Ilmu Komunikasi,3,Kewarganegaraan,2,A,4.0,0.39
S158,Ilmu Komunikasi,3,Pemasaran,3,A,4.0,0.39
S158,Ilmu Komunikasi,3,Bahasa Inggris,2,B,3.0,0.39
S158,Ilmu Komunikasi,3,Seminar,1,A,4.0,0.39
S158,Ilmu Komunikasi,3,Skripsi,6,A-,3.7,0.39
S158,Ilmu Komunikasi,4,Skripsi,6,A,4.0,0.39
S158,Ilmu Komunikasi,4,Etika Profesi,2,A,4.0,0.39
S158,Ilmu Komunikasi,4,Kewarganegaraan,2,A,4.0,0.39
S158,Ilmu Komunikasi,4,Kewirausahaan,2,A-,3.7,0.39
S159,Hukum,1,Hukum Pidana,3,A-,3.7,0.655
S159,Hukum,1,Bahasa Inggris,2,A,4.0,0.655
S159,Hukum,1,Pancasila,2,A,4.0,0.655
S159,Hukum,1,Kewarganegaraan,2,A,4.0,0.655
S159,Hukum,1,Kerja Praktik,3,A,4.0,0.655
S159,Hukum,2,Metodologi Penelitian,2,A-,3.7,0.655
S159,Hukum,2,Bahasa Indonesia,2,A,4.0,0.655
S159,Hukum,2,Skripsi,6,A,4.0,0.655
S159,Hukum,2,Bahasa Indonesia,2,A,4.0,0.655
S159,Hukum,2,Hukum Perdata,3,A,4.0,0.655
S159,Hukum,2,Kewirausahaan,2,A,4.0,0.655
S159,Hukum,3,Agama,2,A,4.0,0.655
S159,Hukum,3,Seminar,1,B+,3.3,0.655
S159,Hukum,3,Bahasa Inggris,2,B+,3.3,0.655
S159,Hukum,3,Etika Profesi,2,A,4.0,0.655
S159,Hukum,3,Pengantar Ilmu Hukum,3,B-,2.7,0.655
S159,Hukum,4,Kewirausahaan,2,A,4.0,0.655
S159,Hukum,4,Agama,2,B,3.0,0.655
S160,Teknik Elektro,1,Bahasa Indonesia,2,A,4.0,0.683
S160,Teknik Elektro,1,Fisika Dasar I,3,A-,3.7,0.683
S160,Teknik Elektro,1,Kalkulus III,3,A,4.0,0.683
S160,Teknik Elektro,1,Seminar,1,A-,3.7,0.683
S160,Teknik Elektro,1,Kewirausahaan,2,A,4.0,0.683
S160,Teknik Elektro,1,Pancasila,2,A,4.0,0.683
S160,Teknik Elektro,1,Skripsi,6,B+,3.3,0.683
S160,Teknik Elektro,2,Skripsi,6,A-,3.7,0.683
S160,Teknik Elektro,2,Fisika,3,A-,3.7,0.683
S160,Teknik Elektro,2,Statistika Inferensial,3,B+,3.3,0.683
S160,Teknik Elektro,2,Kalkulus I,3,B,3.0,0.683
S160,Teknik Elektro,2,Kerja Praktik,3,B+,3.3,0.683
S160,Teknik Elektro,2,Statistika,3,B+,3.3,0.683
S160,Teknik Elektro,2,Kimia Dasar,3,B,3.0,0.683
S161,Teknik Mesin,1,Matematika Diskrit,3,B-,2.7,0.457
S161,Teknik Mesin,1,Kewarganegaraan,2,A,4.0,0.457
S161,Teknik Mesin,1,Pancasila,2,A,4.0,0.457
S161,Teknik Mesin,1,Kalkulus III,3,A-,3.7,0.457
S161,Teknik Mesin,1,Kalkulus I,3,A,4.0,0.457
S161,Teknik Mesin,1,Pengantar Matematika,2,A,4.0,0.457
S161,Teknik Mesin,2,Kimia Dasar,3,B+,3.3,0.457
S161,Teknik Mesin,2,Fisika Dasar I,3,B+,3.3,0.457
S161,Teknik Mesin,2,Statistika Inferensial,3,B,3.0,0.457
S161,Teknik Mesin,2,Fisika,3,A-,3.7,0.457
S161,Teknik Mesin,2,Fisika Dasar II,3,A,4.0,0.457
S161,Teknik Mesin,2,Statistika,3,A,4.0,0.457
S162,Teknik Elektro,1,Kalkulus I,3,B-,2.7,0.62
S162,Teknik Elektro,1,Metodologi Penelitian,2,A,4.0,0.62
S162,Teknik Elektro,1,Kewarganegaraan,2,A,4.0,0.62
S162,Teknik Elektro,1,Fisika Dasar II,3,B,3.0,0.62
S162,Teknik Elektro,1,Aljabar Linear,3,B,3.0,0.62
S162,Teknik Elektro,1,Agama,2,B+,3.3,0.62
S162,Teknik Elektro,2,Fisika Dasar I,3,B+,3.3,0.62
S162,Teknik Elektro,2,Bahasa Indonesia,2,A,4.0,0.62
S162,Teknik Elektro,2,Seminar,1,A,4.0,0.62
S162,Teknik Elektro,2,Statistika Inferensial,3,B+,3.3,0.62
S162,Teknik Elektro,2,Kewirausahaan,2,A-,3.7,0.62
S162,Teknik Elektro,3,Kalkulus II,3,C+,2.3,0.62
S162,Teknik Elektro,3,Matematika Diskrit,3,A-,3.7,0.62
S162,Teknik Elektro,3,Pancasila,2,A,4.0,0.62
S162,Teknik Elektro,3,Kewirausahaan,2,A,4.0,0.62
S162,Teknik Elektro,3,Pengantar Matematika,2,A,4.0,0.62
S162,Teknik Elektro,3,Kerja Praktik,3,A,4.0,0.62
S162,Teknik Elektro,4,Kewarganegaraan,2,A,4.0,0.62
S162,Teknik Elektro,4,Kalkulus III,3,A-,3.7,0.62
S162,Teknik Elektro,4,Agama,2,A,4.0,0.62
S162,Teknik Elektro,4,Statistika,3,B,3.0,0.62
S162,Teknik Elektro,4,Kimia Dasar,3,A,4.0,0.62
S162,Teknik Elektro,5,Skripsi,6,A-,3.7,0.62
S162,Teknik Elektro,5,Fisika,3,B,3.0,0.62
S162,Teknik Elektro,5,Etika Profesi,2,A,4.0,0.62
S162,Teknik Elektro,5,Bahasa Inggris,2,A,4.0,0.62
S162,Teknik Elektro,5,Bahasa Indonesia,2,A-,3.7,0.62
S163,Akuntansi,1,Manajemen,3,A,4.0,0.513
S163,Akuntansi,1,Kalkulus I,3,B-,2.7,0.513
S163,Akuntansi,1,Aljabar Linear,3,A,4.0,0.513
S163,Akuntansi,1,Metodologi Penelitian,2,A,4.0,0.513
S163,Akuntansi,1,Seminar,1,A-,3.7,0.513
S163,Akuntansi,1,Agama,2,A-,3.7,0.513
S163,Akuntansi,2,Statistika Inferensial,3,B-,2.7,0.513
S163,Akuntansi,2,Kewarganegaraan,2,A-,3.7,0.513
S163,Akuntansi,2,Statistika,3,A,4.0,0.513
S163,Akuntansi,2,Agama,2,A,4.0,0.513
S163,Akuntansi,2,Bahasa Indonesia,2,A-,3.7,0.513
S163,Akuntansi,2,Etika Profesi,2,A,4.0,0.513
S163,Akuntansi,2,Bahasa Indonesia,2,B+,3.3,0.513
S163,Akuntansi,3,Bahasa Indonesia,2,A,4.0,0.513
S163,Akuntansi,3,Perilaku Organisasi,3,A,4.0,0.513
S163,Akuntansi,3,Kalkulus II,3,B-,2.7,0.513
S163,Akuntansi,3,Kewirausahaan,2,A,4.0,0.513
S163,Akuntansi,3,Skripsi,6,A,4.0,0.513
S163,Akuntansi,3,Kerja Praktik,3,A,4.0,0.513
S163,Akuntansi,3,Matematika Diskrit,3,B,3.0,0.513
S163,Akuntansi,4,Matematika Diskrit,3,B,3.0,0.513
S163,Akuntansi,4,Kalkulus III,3,B,3.0,0.513
S163,Akuntansi,4,Pancasila,2,B+,3.3,0.513
S163,Akuntansi,4,Bahasa Inggris,2,A,4.0,0.513
S163,Akuntansi,4,Akuntansi Keuangan,3,B,3.0,0.513
S164,Ilmu Komunikasi,1,Etika Profesi,2,A,4.0,0.48
S164,Ilmu Komunikasi,1,Bahasa Inggris,2,A-,3.7,0.48
S164,Ilmu Komunikasi,1,Metodologi Penelitian,2,B+,3.3,0.48
S164,Ilmu Komunikasi,1,Seminar,1,B,3.0,0.48
S164,Ilmu Komunikasi,1,Manajemen,3,A,4.0,0.48
S164,Ilmu Komunikasi,2,Kewirausahaan,2,A,4.0,0.48
S164,Ilmu Komunikasi,2,Bahasa Indonesia,2,A,4.0,0.48
S164,Ilmu Komunikasi,2,Kewarganegaraan,2,A-,3.7,0.48
S164,Ilmu Komunikasi,2,Komunikasi Massa,3,B+,3.3,0.48
S164,Ilmu Komunikasi,2,Pancasila,2,A,4.0,0.48
S164,Ilmu Komunikasi,2,Pemasaran,3,B,3.0,0.48
S165,Ilmu Komunikasi,1,Bahasa Inggris,2,A,4.0,0.616
S165,Ilmu Komunikasi,1,Kewirausahaan,2,B+,3.3,0.616
S165,Ilmu Komunikasi,1,Kerja Praktik,3,A,4.0,0.616
S165,Ilmu Komunikasi,1,Etika Profesi,2,A,4.0,0.616
S165,Ilmu Komunikasi,1,Komunikasi Organisasi,3,B+,3.3,0.616
S165,Ilmu Komunikasi,1,Skripsi,6,A,4.0,0.616
S165,Ilmu Komunikasi,1,Bahasa Indonesia,2,A-,3.7,0.616
S165,Ilmu Komunikasi,2,Bahasa Indonesia,2,A,4.0,0.616
S165,Ilmu Komunikasi,2,Pemasaran,3,A,4.0,0.616
S165,Ilmu Komunikasi,2,Pancasila,2,A,4.0,0.616
S165,Ilmu Komunikasi,2,Agama,2,A,4.0,0.616
S165,Ilmu Komunikasi,2,Metodologi Penelitian,2,A-,3.7,0.616
S165,Ilmu Komunikasi,2,Manajemen,3,A-,3.7,0.616
S165,Ilmu Komunikasi,3,Bahasa Inggris,2,B+,3.3,0.616
S165,Ilmu Komunikasi,3,Perilaku Organisasi,3,A-,3.7,0.616
S165,Ilmu Komunikasi,3,Kewirausahaan,2,A-,3.7,0.616
S165,Ilmu Komunikasi,3,Kewarganegaraan,2,A-,3.7,0.616
S165,Ilmu Komunikasi,3,Komunikasi Massa,3,A,4.0,0.616
S165,Ilmu Komunikasi,3,Agama,2,A,4.0,0.616
S165,Ilmu Komunikasi,3,Seminar,1,A-,3.7,0.616
S165,Ilmu Komunikasi,4,Seminar,1,A,4.0,0.616
S165,Ilmu Komunikasi,4,Bahasa Indonesia,2,B,3.0,0.616
S165,Ilmu Komunikasi,4,Kewarganegaraan,2,A-,3.7,0.616
S165,Ilmu Komunikasi,4,Pancasila,2,A,4.0,0.616
S166,Farmasi,1,Bahasa Indonesia,2,A,4.0,0.4
S166,Farmasi,1,Kerja Praktik,3,A,4.0,0.4
S166,Farmasi,1,Bahasa Inggris,2,A-,3.7,0.4
S166,Farmasi,1,Farmakologi,4,A-,3.7,0.4
S166,Farmasi,1,Kewirausahaan,2,B+,3.3,0.4
S166,Farmasi,1,Anatomi,4,A,4.0,0.4
S166,Farmasi,1,Pancasila,2,A-,3.7,0.4
S166,Farmasi,2,Pancasila,2,A,4.0,0.4
S166,Farmasi,2,Skripsi,6,A-,3.7,0.4
S166,Farmasi,2,Fisiologi,4,B+,3.3,0.4
S166,Farmasi,2,Metodologi Penelitian,2,B+,3.3,0.4
S166,Farmasi,2,Kewarganegaraan,2,A,4.0,0.4
S166,Farmasi,2,Kewarganegaraan,2,A,4.0,0.4
S167,Farmasi,1,Seminar,1,A,4.0,0.812
S167,Farmasi,1,Kerja Praktik,3,A-,3.7,0.812
S167,Farmasi,1,Pancasila,2,A-,3.7,0.812
S167,Farmasi,1,Kimia Organik,3,B+,3.3,0.812
S167,Farmasi,1,Skripsi,6,A,4.0,0.812
S167,Farmasi,2,Pancasila,2,A-,3.7,0.812
S167,Farmasi,2,Fisiologi,4,B+,3.3,0.812
S167,Farmasi,2,Mikrobiologi,3,B,3.0,0.812
S167,Farmasi,2,Agama,2,A,4.0,0.812
S167,Farmasi,2,Biokimia,3,A,4.0,0.812
S167,Farmasi,2,Kewirausahaan,2,B,3.0,0.812
S167,Farmasi,3,Kewarganegaraan,2,A,4.0,0.812
S167,Farmasi,3,Agama,2,A,4.0,0.812
S167,Farmasi,3,Bahasa Inggris,2,A,4.0,0.812
S167,Farmasi,3,Farmakologi,4,B+,3.3,0.812
S167,Farmasi,3,Kewirausahaan,2,A-,3.7,0.812
S167,Farmasi,4,Anatomi,4,B+,3.3,0.812
S167,Farmasi,4,Metodologi Penelitian,2,B+,3.3,0.812
S167,Farmasi,4,Bahasa Inggris,2,A,4.0,0.812
S167,Farmasi,4,Etika Profesi,2,A,4.0,0.812
S167,Farmasi,4,Kewarganegaraan,2,A,4.0,0.812
S167,Farmasi,5,Genetika,3,B+,3.3,0.812
S168,Farmasi,1,Pancasila,2,A,4.0,0.235
S168,Farmasi,1,Agama,2,A-,3.7,0.235
S168,Farmasi,1,Skripsi,6,A,4.0,0.235
S168,Farmasi,1,Kewirausahaan,2,A-,3.7,0.235
S168,Farmasi,1,Bahasa Indonesia,2,A,4.0,0.235
S168,Farmasi,1,Kerja Praktik,3,B,3.0,0.235
S168,Farmasi,2,Biokimia,3,B,3.0,0.235
S168,Farmasi,2,Bahasa Inggris,2,B+,3.3,0.235
S168,Farmasi,2,Genetika,3,C,2.0,0.235
S168,Farmasi,2,Agama,2,A,4.0,0.235
S168,Farmasi,2,Metodologi Penelitian,2,B+,3.3,0.235
S168,Farmasi,2,Etika Profesi,2,B+,3.3,0.235
S168,Farmasi,2,Kewarganegaraan,2,A-,3.7,0.235
S168,Farmasi,3,Kewarganegaraan,2,A,4.0,0.235
S168,Farmasi,3,Anatomi,4,C+,2.3,0.235
S168,Farmasi,3,Kimia Organik,3,B-,2.7,0.235
S168,Farmasi,3,Mikrobiologi,3,B,3.0,0.235
S168,Farmasi,3,Kimia Dasar,3,B+,3.3,0.235
S168,Farmasi,3,Fisiologi,4,B-,2.7,0.235
S168,Farmasi,3,Seminar,1,A,4.0,0.235
S168,Farmasi,4,Seminar,1,A,4.0,0.235
S168,Farmasi,4,Bahasa Inggris,2,B-,2.7,0.235
S168,Farmasi,4,Kewarganegaraan,2,A-,3.7,0.235
S168,Farmasi,4,Bahasa Indonesia,2,B,3.0,0.235
S168,Farmasi,4,Kewirausahaan,2,B+,3.3,0.235
S168,Farmasi,4,Pancasila,2,A-,3.7,0.235
S168,Farmasi,4,Farmakologi,4,B-,2.7,0.235
S169,Ilmu Komunikasi,1,Kewirausahaan,2,B+,3.3,0.495
S169,Ilmu Komunikasi,1,Pemasaran,3,A,4.0,0.495
S169,Ilmu Komunikasi,1,Manajemen,3,A,4.0,0.495
S169,Ilmu Komunikasi,1,Komunikasi Organisasi,3,A,4.0,0.495
S169,Ilmu Komunikasi,1,Perilaku Organisasi,3,A,4.0,0.495
S169,Ilmu Komunikasi,2,Bahasa Indonesia,2,B+,3.3,0.495
S169,Ilmu Komunikasi,2,Agama,2,B+,3.3,0.495
S169,Ilmu Komunikasi,2,Agama,2,A-,3.7,0.495
S169,Ilmu Komunikasi,2,Bahasa Inggris,2,A,4.0,0.495
S169,Ilmu Komunikasi,2,Kewirausahaan,2,B+,3.3,0.495
S169,Ilmu Komunikasi,2,Skripsi,6,C+,2.3,0.495
S169,Ilmu Komunikasi,2,Metodologi Penelitian,2,A,4.0,0.495
S169,Ilmu Komunikasi,3,Metodologi Penelitian,2,A-,3.7,0.495
S169,Ilmu Komunikasi,3,Pancasila,2,A,4.0,0.495
S169,Ilmu Komunikasi,3,Seminar,1,A-,3.7,0.495
S169,Ilmu Komunikasi,3,Kewarganegaraan,2,A-,3.7,0.495
S169,Ilmu Komunikasi,3,Bahasa Inggris,2,A,4.0,0.495
S169,Ilmu Komunikasi,3,Bahasa Indonesia,2,A,4.0,0.495
S169,Ilmu Komunikasi,4,Pancasila,2,A,4.0,0.495
S169,Ilmu Komunikasi,4,Kewarganegaraan,2,A,4.0,0.495
S169,Ilmu Komunikasi,4,Kerja Praktik,3,A,4.0,0.495
S169,Ilmu Komunikasi,4,Etika Profesi,2,A,4.0,0.495
S170,Teknik Mesin,1,Pancasila,2,A,4.0,0.803
S170,Teknik Mesin,1,Bahasa Indonesia,2,A-,3.7,0.803
S170,Teknik Mesin,1,Skripsi,6,A-,3.7,0.803
S170,Teknik Mesin,1,Kalkulus I,3,A,4.0,0.803
S170,Teknik Mesin,1,Kimia Organik,3,B-,2.7,0.803
S170,Teknik Mesin,1,Kimia Dasar,3,B+,3.3,0.803
S170,Teknik Mesin,2,Bahasa Indonesia,2,A,4.0,0.803
S170,Teknik Mesin,2,Pengantar Matematika,2,A,4.0,0.803
S170,Teknik Mesin,2,Kewarganegaraan,2,A,4.0,0.803
S170,Teknik Mesin,2,Pancasila,2,A,4.0,0.803
S170,Teknik Mesin,2,Metodologi Penelitian,2,B+,3.3,0.803
S170,Teknik Mesin,3,Kalkulus II,3,A,4.0,0.803
S170,Teknik Mesin,3,Statistika Inferensial,3,A-,3.7,0.803
S170,Teknik Mesin,3,Kalkulus III,3,B,3.0,0.803
S170,Teknik Mesin,3,Matematika Diskrit,3,A,4.0,0.803
S170,Teknik Mesin,3,Seminar,1,A,4.0,0.803
S170,Teknik Mesin,4,Aljabar Linear,3,A,4.0,0.803
S170,Teknik Mesin,4,Etika Profesi,2,A,4.0,0.803
S170,Teknik Mesin,4,Fisika Dasar II,3,A-,3.7,0.803
S170,Teknik Mesin,4,Statistika,3,B-,2.7,0.803
S170,Teknik Mesin,4,Kerja Praktik,3,A-,3.7,0.803
S170,Teknik Mesin,4,Bahasa Inggris,2,A,4.0,0.803
S170,Teknik Mesin,5,Agama,2,A,4.0,0.803
S170,Teknik Mesin,5,Kewarganegaraan,2,A,4.0,0.803
S170,Teknik Mesin,5,Agama,2,A,4.0,0.803
S170,Teknik Mesin,5,Kewirausahaan,2,A-,3.7,0.803
S170,Teknik Mesin,5,Fisika,3,A,4.0,0.803
S171,Teknik Informatika,1,Pancasila,2,A,4.0,0.69
S171,Teknik Informatika,1,Metodologi Penelitian,2,A,4.0,0.69
S171,Teknik Informatika,1,Statistika,3,B+,3.3,0.69
S171,Teknik Informatika,1,Bahasa Inggris,2,B+,3.3,0.69
S171,Teknik Informatika,1,Kewarganegaraan,2,A-,3.7,0.69
S171,Teknik Informatika,2,Pengantar Matematika,2,A,4.0,0.69
S171,Teknik Informatika,2,Fisika Dasar I,3,B+,3.3,0.69
S171,Teknik Informatika,2,Aljabar Linear,3,A-,3.7,0.69
S171,Teknik Informatika,2,Kewirausahaan,2,A,4.0,0.69
S171,Teknik Informatika,2,Kecerdasan Buatan,3,A-,3.7,0.69
S171,Teknik Informatika,2,Kalkulus I,3,A-,3.7,0.69
S171,Teknik Informatika,3,Kalkulus II,3,B,3.0,0.69
S171,Teknik Informatika,3,Grafika Komputer,3,A-,3.7,0.69
S171,Teknik Informatika,3,Bahasa Inggris,2,A,4.0,0.69
S171,Teknik Informatika,3,Bahasa Indonesia,2,A-,3.7,0.69
S171,Teknik Informatika,3,Pemrograman Mobile,3,A-,3.7,0.69
S171,Teknik Informatika,4,Kewarganegaraan,2,A,4.0,0.69
S171,Teknik Informatika,4,Skripsi,6,A,4.0,0.69
S171,Teknik Informatika,4,Struktur Data,3,A,4.0,0.69
S171,Teknik Informatika,4,Pemrograman Web,3,B-,2.7,0.69
S171,Teknik Informatika,4,Statistika Inferensial,3,B+,3.3,0.69
S171,Teknik Informatika,4,Pancasila,2,A,4.0,0.69
S171,Teknik Informatika,4,Algoritma dan Pemrograman,4,B,3.0,0.69
S171,Teknik Informatika,5,Algoritma dan Pemrograman,4,B-,2.7,0.69
S171,Teknik Informatika,5,Seminar,1,A-,3.7,0.69
S171,Teknik Informatika,5,Basis Data,3,A-,3.7,0.69
S171,Teknik Informatika,5,Matematika Diskrit,3,A,4.0,0.69
S171,Teknik Informatika,5,Pemrograman Berorientasi Objek,3,B,3.0,0.69
S172,Farmasi,1,Kewarganegaraan,2,A-,3.7,0.515
S172,Farmasi,1,Etika Profesi,2,A-,3.7,0.515
S172,Farmasi,1,Pancasila,2,A,4.0,0.515
S172,Farmasi,1,Fisiologi,4,A,4.0,0.515
S172,Farmasi,1,Agama,2,B+,3.3,0.515
S172,Farmasi,1,Bahasa Inggris,2,B+,3.3,0.515
S172,Farmasi,1,Farmakologi,4,C+,2.3,0.515
S172,Farmasi,2,Farmakologi,4,A,4.0,0.515
S172,Farmasi,2,Metodologi Penelitian,2,A,4.0,0.515
S172,Farmasi,2,Bahasa Inggris,2,A-,3.7,0.515
S172,Farmasi,2,Mikrobiologi,3,A,4.0,0.515
S172,Farmasi,2,Kimia Dasar,3,A,4.0,0.515
S172,Farmasi,2,Kewirausahaan,2,B+,3.3,0.515
S172,Farmasi,3,Genetika,3,A-,3.7,0.515
S172,Farmasi,3,Skripsi,6,A-,3.7,0.515
S172,Farmasi,3,Seminar,1,A,4.0,0.515
S172,Farmasi,3,Kewarganegaraan,2,B-,2.7,0.515
S172,Farmasi,3,Anatomi,4,A-,3.7,0.515
S172,Farmasi,4,Kerja Praktik,3,A-,3.7,0.515
S172,Farmasi,4,Biokimia,3,B,3.0,0.515
S172,Farmasi,4,Bahasa Indonesia,2,B,3.0,0.515
S172,Farmasi,4,Kimia Organik,3,B-,2.7,0.515
S172,Farmasi,4,Pancasila,2,A,4.0,0.515
S172,Farmasi,4,Bahasa Indonesia,2,A,4.0,0.515
S173,Sistem Informasi,1,Kimia Dasar,3,A,4.0,0.364
S173,Sistem Informasi,1,Agama,2,A,4.0,0.364
S173,Sistem Informasi,1,Bahasa Inggris,2,A,4.0,0.364
S173,Sistem Informasi,1,Algoritma dan Pemrograman,4,B-,2.7,0.364
S173,Sistem Informasi,1,Statistika Inferensial,3,A-,3.7,0.364
S173,Sistem Informasi,1,Rekayasa Perangkat Lunak,3,B-,2.7,0.364
S173,Sistem Informasi,1,Pancasila,2,A,4.0,0.364
S173,Sistem Informasi,2,Pancasila,2,A-,3.7,0.364
S173,Sistem Informasi,2,Etika Profesi,2,A-,3.7,0.364
S173,Sistem Informasi,2,Kalkulus II,3,A-,3.7,0.364
S173,Sistem Informasi,2,Pengantar Matematika,2,A,4.0,0.364
S173,Sistem Informasi,2,Pembelajaran Mesin,3,A-,3.7,0.364
S173,Sistem Informasi,3,Kalkulus III,3,D,1.0,0.364
S173,Sistem Informasi,3,Kewirausahaan,2,A,4.0,0.364
S173,Sistem Informasi,3,Sistem Operasi,3,B+,3.3,0.364
S173,Sistem Informasi,3,Basis Data,3,A-,3.7,0.364
S173,Sistem Informasi,3,Bahasa Indonesia,2,A,4.0,0.364
S173,Sistem Informasi,3,Kerja Praktik,3,A,4.0,0.364
S173,Sistem Informasi,4,Kecerdasan Buatan,3,B+,3.3,0.364
S173,Sistem Informasi,4,Matematika Diskrit,3,C,2.0,0.364
S173,Sistem Informasi,4,Fisika,3,B,3.0,0.364
S173,Sistem Informasi,4,Aljabar Linear,3,A-,3.7,0.364
S173,Sistem Informasi,4,Kimia Organik,3,B-,2.7,0.364
S173,Sistem Informasi,5,Kewarganegaraan,2,A,4.0,0.364
S173,Sistem Informasi,5,Fisika Dasar II,3,A,4.0,0.364
S173,Sistem Informasi,5,Bahasa Indonesia,2,A-,3.7,0.364
S173,Sistem Informasi,5,Kewirausahaan,2,A,4.0,0.364
S173,Sistem Informasi,5,Pemrograman Berorientasi Objek,3,B-,2.7,0.364
S173,Sistem Informasi,5,Statistika,3,B-,2.7,0.364
S173,Sistem Informasi,5,Fisika Dasar I,3,A-,3.7,0.364
S174,Teknik Elektro,1,Kewirausahaan,2,A-,3.7,0.732
S174,Teknik Elektro,1,Agama,2,A-,3.7,0.732
S174,Teknik Elektro,1,Kewirausahaan,2,A-,3.7,0.732
S174,Teknik Elektro,1,Agama,2,A-,3.7,0.732
S174,Teknik Elektro,1,Statistika Inferensial,3,B,3.0,0.732
S174,Teknik Elektro,2,Bahasa Indonesia,2,A-,3.7,0.732
S174,Teknik Elektro,2,Skripsi,6,A,4.0,0.732
S174,Teknik Elektro,2,Metodologi Penelitian,2,A,4.0,0.732
S174,Teknik Elektro,2,Fisika Dasar II,3,B,3.0,0.732
S174,Teknik Elektro,2,Aljabar Linear,3,A-,3.7,0.732
S175,Sistem Informasi,1,Basis Data,3,B,3.0,0.741
S175,Sistem Informasi,1,Agama,2,A-,3.7,0.741
S175,Sistem Informasi,1,Grafika Komputer,3,B+,3.3,0.741
S175,Sistem Informasi,1,Kimia Organik,3,B,3.0,0.741
S175,Sistem Informasi,1,Kalkulus II,3,A,4.0,0.741
S175,Sistem Informasi,1,Skripsi,6,A,4.0,0.741
S175,Sistem Informasi,1,Struktur Data,3,C+,2.3,0.741
S175,Sistem Informasi,2,Struktur Data,3,B,3.0,0.741
S175,Sistem Informasi,2,Pemrograman Web,3,A,4.0,0.741
S175,Sistem Informasi,2,Pemrograman Mobile,3,A,4.0,0.741
S175,Sistem Informasi,2,Pancasila,2,A,4.0,0.741
S175,Sistem Informasi,2,Bahasa Indonesia,2,A,4.0,0.741
S175,Sistem Informasi,2,Bahasa Inggris,2,B+,3.3,0.741
S175,Sistem Informasi,3,Bahasa Inggris,2,A,4.0,0.741
S175,Sistem Informasi,3,Pemrograman Berorientasi Objek,3,A,4.0,0.741
S175,Sistem Informasi,3,Kalkulus I,3,B+,3.3,0.741
S175,Sistem Informasi,3,Kewirausahaan,2,A-,3.7,0.741
S175,Sistem Informasi,3,Pengantar Matematika,2,A,4.0,0.741
S176,Farmasi,1,Bahasa Inggris,2,A,4.0,0.377
S176,Farmasi,1,Farmakologi,4,B-,2.7,0.377
S176,Farmasi,1,Anatomi,4,B,3.0,0.377
S176,Farmasi,1,Fisiologi,4,C-,1.7,0.377
S176,Farmasi,1,Pancasila,2,A,4.0,0.377
S176,Farmasi,1,Bahasa Indonesia,2,A,4.0,0.377
S176,Farmasi,2,Metodologi Penelitian,2,A,4.0,0.377
S176,Farmasi,2,Biokimia,3,A,4.0,0.377
S176,Farmasi,2,Agama,2,A,4.0,0.377
S176,Farmasi,2,Agama,2,A,4.0,0.377
S176,Farmasi,2,Kerja Praktik,3,A-,3.7,0.377
S176,Farmasi,3,Kimia Dasar,3,B-,2.7,0.377
S176,Farmasi,3,Kewirausahaan,2,A,4.0,0.377
S176,Farmasi,3,Bahasa Indonesia,2,A-,3.7,0.377
S176,Farmasi,3,Mikrobiologi,3,C+,2.3,0.377
S176,Farmasi,3,Pancasila,2,A,4.0,0.377
S177,Sistem Informasi,1,Kimia Organik,3,A,4.0,0.528
S177,Sistem Informasi,1,Agama,2,A-,3.7,0.528
S177,Sistem Informasi,1,Agama,2,A,4.0,0.528
S177,Sistem Informasi,1,Aljabar Linear,3,C,2.0,0.528
S177,Sistem Informasi,1,Kerja Praktik,3,A-,3.7,0.528
S177,Sistem Informasi,2,Kewarganegaraan,2,A,4.0,0.528
S177,Sistem Informasi,2,Kecerdasan Buatan,3,A-,3.7,0.528
S177,Sistem Informasi,2,Struktur Data,3,B-,2.7,0.528
S177,Sistem Informasi,2,Metodologi Penelitian,2,B,3.0,0.528
S177,Sistem Informasi,2,Fisika Dasar I,3,B-,2.7,0.528
S177,Sistem Informasi,2,Rekayasa Perangkat Lunak,3,B-,2.7,0.528
S177,Sistem Informasi,2,Skripsi,6,B+,3.3,0.528
S177,Sistem Informasi,3,Skripsi,6,B-,2.7,0.528
S177,Sistem Informasi,3,Kewirausahaan,2,A,4.0,0.528
S177,Sistem Informasi,3,Fisika Dasar II,3,A-,3.7,0.528
S177,Sistem Informasi,3,Kewarganegaraan,2,A,4.0,0.528
S177,Sistem Informasi,3,Bahasa Indonesia,2,A-,3.7,0.528
S177,Sistem Informasi,3,Etika Profesi,2,A,4.0,0.528
S177,Sistem Informasi,4,Grafika Komputer,3,B+,3.3,0.528
S177,Sistem Informasi,4,Sistem Operasi,3,C+,2.3,0.528
S177,Sistem Informasi,4,Pancasila,2,A,4.0,0.528
S177,Sistem Informasi,4,Statistika Inferensial,3,A,4.0,0.528
S177,Sistem Informasi,4,Matematika Diskrit,3,A,4.0,0.528
S177,Sistem Informasi,4,Bahasa Indonesia,2,A-,3.7,0.528
S177,Sistem Informasi,5,Kimia Dasar,3,A-,3.7,0.528
S177,Sistem Informasi,5,Kalkulus III,3,B-,2.7,0.528
S177,Sistem Informasi,5,Seminar,1,A,4.0,0.528
S177,Sistem Informasi,5,Pemrograman Mobile,3,B+,3.3,0.528
S177,Sistem Informasi,5,Fisika,3,A,4.0,0.528
S177,Sistem Informasi,5,Pancasila,2,A,4.0,0.528
S177,Sistem Informasi,5,Algoritma dan Pemrograman,4,B,3.0,0.528
S177,Sistem Informasi,6,Algoritma dan Pemrograman,4,B+,3.3,0.528
S177,Sistem Informasi,6,Pembelajaran Mesin,3,B+,3.3,0.528
S177,Sistem Informasi,6,Bahasa Inggris,2,A-,3.7,0.528
S177,Sistem Informasi,6,Pemrograman Web,3,A-,3.7,0.528
S177,Sistem Informasi,6,Statistika,3,B+,3.3,0.528
S177,Sistem Informasi,6,Bahasa Inggris,2,A-,3.7,0.528
S177,Sistem Informasi,7,Kalkulus I,3,B-,2.7,0.528
S177,Sistem Informasi,7,Basis Data,3,A-,3.7,0.528
S177,Sistem Informasi,7,Kewirausahaan,2,B+,3.3,0.528
S177,Sistem Informasi,7,Kalkulus II,3,A-,3.7,0.528
S177,Sistem Informasi,7,Pengantar Matematika,2,A,4.0,0.528
S177,Sistem Informasi,7,Jaringan Komputer,3,A,4.0,0.528
S178,Sistem Informasi,1,Metodologi Penelitian,2,A,4.0,0.734
S178,Sistem Informasi,1,Bahasa Inggris,2,A,4.0,0.734
S178,Sistem Informasi,1,Fisika,3,A,4.0,0.734
S178,Sistem Informasi,1,Pemrograman Berorientasi Objek,3,B-,2.7,0.734
S178,Sistem Informasi,1,Pemrograman Mobile,3,B+,3.3,0.734
S178,Sistem Informasi,1,Pengantar Matematika,2,A-,3.7,0.734
S178,Sistem Informasi,1,Bahasa Indonesia,2,A,4.0,0.734
S178,Sistem Informasi,2,Bahasa Indonesia,2,A,4.0,0.734
S178,Sistem Informasi,2,Kecerdasan Buatan,3,A-,3.7,0.734
S178,Sistem Informasi,2,Agama,2,A,4.0,0.734
S178,Sistem Informasi,2,Fisika Dasar I,3,A,4.0,0.734
S178,Sistem Informasi,2,Bahasa Indonesia,2,A,4.0,0.734
S178,Sistem Informasi,3,Matematika Diskrit,3,A-,3.7,0.734
S178,Sistem Informasi,3,Kewirausahaan,2,A,4.0,0.734
S178,Sistem Informasi,3,Pembelajaran Mesin,3,A-,3.7,0.734
S178,Sistem Informasi,3,Kalkulus I,3,A-,3.7,0.734
S178,Sistem Informasi,3,Pancasila,2,A,4.0,0.734
S178,Sistem Informasi,3,Basis Data,3,A,4.0,0.734
S178,Sistem Informasi,4,Kewarganegaraan,2,A-,3.7,0.734
S178,Sistem Informasi,4,Bahasa Inggris,2,B+,3.3,0.734
S178,Sistem Informasi,4,Rekayasa Perangkat Lunak,3,B+,3.3,0.734
S178,Sistem Informasi,4,Algoritma dan Pemrograman,4,A-,3.7,0.734
S178,Sistem Informasi,4,Kimia Dasar,3,C+,2.3,0.734
S178,Sistem Informasi,5,Fisika Dasar II,3,A,4.0,0.734
S178,Sistem Informasi,5,Kimia Organik,3,A,4.0,0.734
S178,Sistem Informasi,5,Kewarganegaraan,2,B,3.0,0.734
S178,Sistem Informasi,5,Statistika,3,B+,3.3,0.734
S178,Sistem Informasi,5,Skripsi,6,A-,3.7,0.734
S178,Sistem Informasi,5,Aljabar Linear,3,A-,3.7,0.734
S178,Sistem Informasi,5,Struktur Data,3,B+,3.3,0.734
S178,Sistem Informasi,6,Struktur Data,3,A-,3.7,0.734
S178,Sistem Informasi,6,Etika Profesi,2,A,4.0,0.734
S178,Sistem Informasi,6,Seminar,1,A-,3.7,0.734
S178,Sistem Informasi,6,Kalkulus II,3,B+,3.3,0.734
S178,Sistem Informasi,6,Sistem Operasi,3,B+,3.3,0.734
S178,Sistem Informasi,6,Statistika Inferensial,3,A-,3.7,0.734
S178,Sistem Informasi,6,Kerja Praktik,3,A,4.0,0.734
S178,Sistem Informasi,7,Kerja Praktik,3,A-,3.7,0.734
S178,Sistem Informasi,7,Jaringan Komputer,3,B+,3.3,0.734
S178,Sistem Informasi,7,Kewirausahaan,2,B-,2.7,0.734
S178,Sistem Informasi,7,Pancasila,2,A-,3.7,0.734
S178,Sistem Informasi,7,Pemrograman Web,3,B-,2.7,0.734
S178,Sistem Informasi,7,Grafika Komputer,3,B-,2.7,0.734
S179,Akuntansi,1,Manajemen,3,A-,3.7,0.907
S179,Akuntansi,1,Skripsi,6,B,3.0,0.907
S179,Akuntansi,1,Metodologi Penelitian,2,C+,2.3,0.907
S179,Akuntansi,1,Agama,2,B+,3.3,0.907
S179,Akuntansi,1,Bahasa Indonesia,2,A,4.0,0.907
S179,Akuntansi,2,Pancasila,2,A,4.0,0.907
S179,Akuntansi,2,Bahasa Inggris,2,A,4.0,0.907
S179,Akuntansi,2,Bahasa Inggris,2,B+,3.3,0.907
S179,Akuntansi,2,Etika Profesi,2,B,3.0,0.907
S179,Akuntansi,2,Akuntansi Keuangan,3,B+,3.3,0.907
S179,Akuntansi,2,Kalkulus II,3,A-,3.7,0.907
S179,Akuntansi,3,Kewarganegaraan,2,A,4.0,0.907
S179,Akuntansi,3,Pancasila,2,A-,3.7,0.907
S179,Akuntansi,3,Pengantar Ekonomi,3,A,4.0,0.907
S179,Akuntansi,3,Kewirausahaan,2,B+,3.3,0.907
S179,Akuntansi,3,Kewarganegaraan,2,A-,3.7,0.907
S179,Akuntansi,4,Seminar,1,A-,3.7,0.907
S179,Akuntansi,4,Kewirausahaan,2,A,4.0,0.907
S179,Akuntansi,4,Kalkulus III,3,B-,2.7,0.907
S179,Akuntansi,4,Statistika,3,A-,3.7,0.907
S179,Akuntansi,4,Kalkulus I,3,B,3.0,0.907
S179,Akuntansi,5,Matematika Diskrit,3,A,4.0,0.907
S179,Akuntansi,5,Pengantar Matematika,2,A,4.0,0.907
S179,Akuntansi,5,Bahasa Indonesia,2,A,4.0,0.907
S179,Akuntansi,5,Perilaku Organisasi,3,A,4.0,0.907
S179,Akuntansi,5,Agama,2,A,4.0,0.907
S180,Akuntansi,1,Statistika,3,A,4.0,0.392
S180,Akuntansi,1,Pancasila,2,A-,3.7,0.392
S180,Akuntansi,1,Skripsi,6,A,4.0,0.392
S180,Akuntansi,1,Bahasa Indonesia,2,A,4.0,0.392
S180,Akuntansi,1,Kalkulus I,3,A,4.0,0.392
S180,Akuntansi,1,Agama,2,A-,3.7,0.392
S180,Akuntansi,2,Aljabar Linear,3,B+,3.3,0.392
S180,Akuntansi,2,Kewirausahaan,2,B+,3.3,0.392
S180,Akuntansi,2,Bahasa Inggris,2,A,4.0,0.392
S180,Akuntansi,2,Statistika Inferensial,3,B+,3.3,0.392
S180,Akuntansi,2,Kewarganegaraan,2,A-,3.7,0.392
S180,Akuntansi,2,Metodologi Penelitian,2,B,3.0,0.392
S180,Akuntansi,2,Pengantar Matematika,2,A,4.0,0.392
S180,Akuntansi,3,Pengantar Matematika,2,A,4.0,0.392
S180,Akuntansi,3,Agama,2,A,4.0,0.392
S180,Akuntansi,3,Kewirausahaan,2,B,3.0,0.392
S180,Akuntansi,3,Bahasa Inggris,2,A-,3.7,0.392
S180,Akuntansi,3,Manajemen,3,A-,3.7,0.392
S180,Akuntansi,3,Akuntansi Keuangan,3,B-,2.7,0.392
S180,Akuntansi,3,Kewarganegaraan,2,A,4.0,0.392
S180,Akuntansi,4,Kewarganegaraan,2,A,4.0,0.392
S180,Akuntansi,4,Seminar,1,A,4.0,0.392
S180,Akuntansi,4,Perilaku Organisasi,3,A-,3.7,0.392
S180,Akuntansi,4,Pengantar Ekonomi,3,A-,3.7,0.392
S180,Akuntansi,4,Pemasaran,3,A,4.0,0.392
S180,Akuntansi,4,Kalkulus II,3,B,3.0,0.392
S180,Akuntansi,5,Etika Profesi,2,A-,3.7,0.392
S180,Akuntansi,5,Bahasa Indonesia,2,A,4.0,0.392
S180,Akuntansi,5,Matematika Diskrit,3,C,2.0,0.392
S180,Akuntansi,5,Pancasila,2,A,4.0,0.392
S180,Akuntansi,5,Kerja Praktik,3,B+,3.3,0.392
S180,Akuntansi,5,Kalkulus III,3,A-,3.7,0.392
S181,Teknik Informatika,1,Pemrograman Web,3,A,4.0,0.961
S181,Teknik Informatika,1,Sistem Operasi,3,B-,2.7,0.961
S181,Teknik Informatika,1,Kecerdasan Buatan,3,A,4.0,0.961
S181,Teknik Informatika,1,Pancasila,2,B+,3.3,0.961
S181,Teknik Informatika,1,Kewirausahaan,2,A,4.0,0.961
S181,Teknik Informatika,1,Matematika Diskrit,3,A,4.0,0.961
S181,Teknik Informatika,1,Kalkulus II,3,B+,3.3,0.961
S181,Teknik Informatika,2,Kalkulus II,3,A-,3.7,0.961
S181,Teknik Informatika,2,Kewarganegaraan,2,A,4.0,0.961
S181,Teknik Informatika,2,Rekayasa Perangkat Lunak,3,A-,3.7,0.961
S181,Teknik Informatika,2,Seminar,1,A,4.0,0.961
S181,Teknik Informatika,2,Statistika,3,A,4.0,0.961
S181,Teknik Informatika,2,Kewarganegaraan,2,A,4.0,0.961
S181,Teknik Informatika,2,Fisika Dasar I,3,A,4.0,0.961
S182,Farmasi,1,Bahasa Indonesia,2,A,4.0,0.603
S182,Farmasi,1,Kewarganegaraan,2,A,4.0,0.603
S182,Farmasi,1,Bahasa Indonesia,2,A,4.0,0.603
S182,Farmasi,1,Agama,2,A-,3.7,0.603
S182,Farmasi,1,Metodologi Penelitian,2,A-,3.7,0.603
S182,Farmasi,2,Genetika,3,B-,2.7,0.603
S182,Farmasi,2,Anatomi,4,C+,2.3,0.603
S182,Farmasi,2,Mikrobiologi,3,A-,3.7,0.603
S182,Farmasi,2,Kewarganegaraan,2,A,4.0,0.603
S182,Farmasi,2,Bahasa Inggris,2,B+,3.3,0.603
S182,Farmasi,3,Kimia Organik,3,A-,3.7,0.603
S182,Farmasi,3,Agama,2,A-,3.7,0.603
S182,Farmasi,3,Pancasila,2,A,4.0,0.603
S182,Farmasi,3,Kerja Praktik,3,A,4.0,0.603
S182,Farmasi,3,Bahasa Inggris,2,A,4.0,0.603
S182,Farmasi,3,Fisiologi,4,A,4.0,0.603
S182,Farmasi,4,Skripsi,6,B,3.0,0.603
S182,Farmasi,4,Pancasila,2,B+,3.3,0.603
S182,Farmasi,4,Farmakologi,4,A,4.0,0.603
S182,Farmasi,4,Biokimia,3,C-,1.7,0.603
S182,Farmasi,4,Kimia Dasar,3,A-,3.7,0.603
S182,Farmasi,5,Seminar,1,B+,3.3,0.603
S183,Sistem Informasi,1,Fisika Dasar I,3,B-,2.7,0.392
S183,Sistem Informasi,1,Statistika Inferensial,3,B+,3.3,0.392
S183,Sistem Informasi,1,Pancasila,2,B+,3.3,0.392
S183,Sistem Informasi,1,Bahasa Indonesia,2,A-,3.7,0.392
S183,Sistem Informasi,1,Fisika,3,B-,2.7,0.392
S183,Sistem Informasi,2,Kimia Dasar,3,C+,2.3,0.392
S183,Sistem Informasi,2,Struktur Data,3,D,1.0,0.392
S183,Sistem Informasi,2,Jaringan Komputer,3,B,3.0,0.392
S183,Sistem Informasi,2,Bahasa Indonesia,2,B+,3.3,0.392
S183,Sistem Informasi,2,Bahasa Inggris,2,B+,3.3,0.392
S183,Sistem Informasi,3,Kecerdasan Buatan,3,B,3.0,0.392
S183,Sistem Informasi,3,Kalkulus I,3,B+,3.3,0.392
S183,Sistem Informasi,3,Seminar,1,A,4.0,0.392
S183,Sistem Informasi,3,Pengantar Matematika,2,B+,3.3,0.392
S183,Sistem Informasi,3,Grafika Komputer,3,B-,2.7,0.392
S183,Sistem Informasi,3,Fisika Dasar II,3,B+,3.3,0.392
S183,Sistem Informasi,3,Metodologi Penelitian,2,B+,3.3,0.392
S183,Sistem Informasi,4,Metodologi Penelitian,2,A,4.0,0.392
S183,Sistem Informasi,4,Kewarganegaraan,2,A-,3.7,0.392
S183,Sistem Informasi,4,Kewirausahaan,2,C+,2.3,0.392
S183,Sistem Informasi,4,Agama,2,A,4.0,0.392
S183,Sistem Informasi,4,Rekayasa Perangkat Lunak,3,B+,3.3,0.392
S183,Sistem Informasi,4,Bahasa Inggris,2,B+,3.3,0.392
S183,Sistem Informasi,5,Pembelajaran Mesin,3,B+,3.3,0.392
S183,Sistem Informasi,5,Statistika,3,A,4.0,0.392
S183,Sistem Informasi,5,Pancasila,2,A,4.0,0.392
S183,Sistem Informasi,5,Kewarganegaraan,2,B+,3.3,0.392
S183,Sistem Informasi,5,Algoritma dan Pemrograman,4,B,3.0,0.392
S183,Sistem Informasi,5,Aljabar Linear,3,A,4.0,0.392
S183,Sistem Informasi,5,Kimia Organik,3,B,3.0,0.392
S183,Sistem Informasi,6,Kimia Organik,3,B+,3.3,0.392
S183,Sistem Informasi,6,Etika Profesi,2,A,4.0,0.392
S183,Sistem Informasi,6,Matematika Diskrit,3,B,3.0,0.392
S183,Sistem Informasi,6,Sistem Operasi,3,B-,2.7,0.392
S183,Sistem Informasi,6,Kalkulus II,3,B-,2.7,0.392
S183,Sistem Informasi,7,Pemrograman Berorientasi Objek,3,A,4.0,0.392
S183,Sistem Informasi,7,Agama,2,A,4.0,0.392
S183,Sistem Informasi,7,Kewirausahaan,2,B+,3.3,0.392
S183,Sistem Informasi,7,Skripsi,6,C+,2.3,0.392
S183,Sistem Informasi,7,Pemrograman Mobile,3,A,4.0,0.392
S183,Sistem Informasi,7,Basis Data,3,B,3.0,0.392
S184,Teknik Informatika,1,Struktur Data,3,B-,2.7,0.408
S184,Teknik Informatika,1,Grafika Komputer,3,B+,3.3,0.408
S184,Teknik Informatika,1,Statistika,3,B,3.0,0.408
S184,Teknik Informatika,1,Etika Profesi,2,A,4.0,0.408
S184,Teknik Informatika,1,Kalkulus I,3,B+,3.3,0.408
S184,Teknik Informatika,2,Statistika Inferensial,3,A,4.0,0.408
S184,Teknik Informatika,2,Algoritma dan Pemrograman,4,B+,3.3,0.408
S184,Teknik Informatika,2,Skripsi,6,A,4.0,0.408
S184,Teknik Informatika,2,Pancasila,2,A,4.0,0.408
S184,Teknik Informatika,2,Kewarganegaraan,2,A-,3.7,0.408
S184,Teknik Informatika,3,Metodologi Penelitian,2,A,4.0,0.408
S184,Teknik Informatika,3,Basis Data,3,B+,3.3,0.408
S184,Teknik Informatika,3,Agama,2,B+,3.3,0.408
S184,Teknik Informatika,3,Pemrograman Berorientasi Objek,3,B+,3.3,0.408
S184,Teknik Informatika,3,Sistem Operasi,3,A-,3.7,0.408
S184,Teknik Informatika,4,Kalkulus III,3,C+,2.3,0.408
S184,Teknik Informatika,4,Bahasa Indonesia,2,A-,3.7,0.408
S184,Teknik Informatika,4,Kerja Praktik,3,A-,3.7,0.408
S184,Teknik Informatika,4,Pembelajaran Mesin,3,B+,3.3,0.408
S184,Teknik Informatika,4,Agama,2,A,4.0,0.408
S184,Teknik Informatika,4,Kewirausahaan,2,B+,3.3,0.408
S184,Teknik Informatika,4,Kecerdasan Buatan,3,A,4.0,0.408
S185,Teknik Elektro,1,Fisika,3,A-,3.7,0.516
S185,Teknik Elektro,1,Kalkulus I,3,B-,2.7,0.516
S185,Teknik Elektro,1,Kalkulus III,3,A,4.0,0.516
S185,Teknik Elektro,1,Bahasa Indonesia,2,B+,3.3,0.516
S185,Teknik Elektro,1,Agama,2,B+,3.3,0.516
S185,Teknik Elektro,1,Pancasila,2,A,4.0,0.516
S185,Teknik Elektro,2,Metodologi Penelitian,2,B+,3.3,0.516
S185,Teknik Elektro,2,Kewirausahaan,2,A-,3.7,0.516
S185,Teknik Elektro,2,Kerja Praktik,3,A,4.0,0.516
S185,Teknik Elektro,2,Statistika,3,B,3.0,0.516
S185,Teknik Elektro,2,Bahasa Indonesia,2,A,4.0,0.516
S185,Teknik Elektro,2,Kimia Organik,3,A-,3.7,0.516
S185,Teknik Elektro,3,Bahasa Inggris,2,B,3.0,0.516
S185,Teknik Elektro,3,Agama,2,A,4.0,0.516
S185,Teknik Elektro,3,Statistika Inferensial,3,B+,3.3,0.516
S185,Teknik Elektro,3,Kimia Dasar,3,A,4.0,0.516
S185,Teknik Elektro,3,Pancasila,2,A,4.0,0.516
S185,Teknik Elektro,4,Kewarganegaraan,2,A,4.0,0.516
S185,Teknik Elektro,4,Etika Profesi,2,A,4.0,0.516
S185,Teknik Elektro,4,Seminar,1,B+,3.3,0.516
S185,Teknik Elektro,4,Pengantar Matematika,2,A,4.0,0.516
S185,Teknik Elektro,4,Bahasa Inggris,2,A,4.0,0.516
S185,Teknik Elektro,4,Matematika Diskrit,3,A,4.0,0.516
S185,Teknik Elektro,5,Aljabar Linear,3,A,4.0,0.516
S185,Teknik Elektro,5,Fisika Dasar I,3,A-,3.7,0.516
S185,Teknik Elektro,5,Kewarganegaraan,2,A-,3.7,0.516
S185,Teknik Elektro,5,Fisika Dasar II,3,B,3.0,0.516
S185,Teknik Elektro,5,Kewirausahaan,2,A,4.0,0.516
S185,Teknik Elektro,5,Kalkulus II,3,A-,3.7,0.516
S186,Ilmu Komunikasi,1,Bahasa Indonesia,2,A,4.0,0.539
S186,Ilmu Komunikasi,1,Kewirausahaan,2,A,4.0,0.539
S186,Ilmu Komunikasi,1,Manajemen,3,B-,2.7,0.539
S186,Ilmu Komunikasi,1,Kewarganegaraan,2,A,4.0,0.539
S186,Ilmu Komunikasi,1,Bahasa Inggris,2,A,4.0,0.539
S186,Ilmu Komunikasi,1,Kewirausahaan,2,A,4.0,0.539
S186,Ilmu Komunikasi,1,Seminar,1,A-,3.7,0.539
S186,Ilmu Komunikasi,2,Seminar,1,B+,3.3,0.539
S186,Ilmu Komunikasi,2,Kewarganegaraan,2,A,4.0,0.539
S186,Ilmu Komunikasi,2,Komunikasi Massa,3,A-,3.7,0.539
S186,Ilmu Komunikasi,2,Bahasa Indonesia,2,A-,3.7,0.539
S186,Ilmu Komunikasi,2,Agama,2,A,4.0,0.539
S186,Ilmu Komunikasi,2,Perilaku Organisasi,3,B,3.0,0.539
S186,Ilmu Komunikasi,2,Etika Profesi,2,A,4.0,0.539
S186,Ilmu Komunikasi,3,Etika Profesi,2,A,4.0,0.539
S186,Ilmu Komunikasi,3,Agama,2,A,4.0,0.539
S186,Ilmu Komunikasi,3,Skripsi,6,A-,3.7,0.539
S186,Ilmu Komunikasi,3,Kerja Praktik,3,A,4.0,0.539
S186,Ilmu Komunikasi,3,Pemasaran,3,A-,3.7,0.539
S186,Ilmu Komunikasi,3,Metodologi Penelitian,2,A,4.0,0.539
S186,Ilmu Komunikasi,4,Bahasa Inggris,2,A,4.0,0.539
S186,Ilmu Komunikasi,4,Komunikasi Organisasi,3,A,4.0,0.539
S186,Ilmu Komunikasi,4,Pancasila,2,A,4.0,0.539
S186,Ilmu Komunikasi,4,Pancasila,2,A,4.0,0.539
S187,Teknik Sipil,1,Fisika Dasar II,3,B,3.0,0.308
S187,Teknik Sipil,1,Bahasa Indonesia,2,A,4.0,0.308
S187,Teknik Sipil,1,Kewarganegaraan,2,A-,3.7,0.308
S187,Teknik Sipil,1,Pancasila,2,B-,2.7,0.308
S187,Teknik Sipil,1,Bahasa Inggris,2,A,4.0,0.308
S187,Teknik Sipil,1,Bahasa Inggris,2,A-,3.7,0.308
S187,Teknik Sipil,2,Kewarganegaraan,2,A-,3.7,0.308
S187,Teknik Sipil,2,Matematika Diskrit,3,B,3.0,0.308
S187,Teknik Sipil,2,Agama,2,B+,3.3,0.308
S187,Teknik Sipil,2,Kalkulus III,3,C+,2.3,0.308
S187,Teknik Sipil,2,Kewirausahaan,2,A,4.0,0.308
S187,Teknik Sipil,2,Agama,2,A,4.0,0.308
S187,Teknik Sipil,3,Fisika Dasar I,3,A-,3.7,0.308
S187,Teknik Sipil,3,Kimia Organik,3,A-,3.7,0.308
S187,Teknik Sipil,3,Pengantar Matematika,2,A,4.0,0.308
S187,Teknik Sipil,3,Aljabar Linear,3,A,4.0,0.308
S187,Teknik Sipil,3,Bahasa Indonesia,2,A-,3.7,0.308
S187,Teknik Sipil,3,Kerja Praktik,3,A,4.0,0.308
S187,Teknik Sipil,4,Seminar,1,A,4.0,0.308
S187,Teknik Sipil,4,Metodologi Penelitian,2,B+,3.3,0.308
S187,Teknik Sipil,4,Fisika,3,B-,2.7,0.308
S187,Teknik Sipil,4,Kimia Dasar,3,A,4.0,0.308
S187,Teknik Sipil,4,Etika Profesi,2,B+,3.3,0.308
S188,Teknik Elektro,1,Kewarganegaraan,2,A,4.0,0.628
S188,Teknik Elektro,1,Bahasa Indonesia,2,B+,3.3,0.628
S188,Teknik Elektro,1,Fisika Dasar II,3,A,4.0,0.628
S188,Teknik Elektro,1,Agama,2,A,4.0,0.628
S188,Teknik Elektro,1,Bahasa Inggris,2,A,4.0,0.628
S188,Teknik Elektro,1,Kewarganegaraan,2,A,4.0,0.628
S188,Teknik Elektro,2,Aljabar Linear,3,A-,3.7,0.628
S188,Teknik Elektro,2,Fisika Dasar I,3,A,4.0,0.628
S188,Teknik Elektro,2,Kewirausahaan,2,A,4.0,0.628
S188,Teknik Elektro,2,Pancasila,2,A,4.0,0.628
S188,Teknik Elektro,2,Matematika Diskrit,3,A-,3.7,0.628
S188,Teknik Elektro,2,Kimia Organik,3,A-,3.7,0.628
S188,Teknik Elektro,3,Kimia Dasar,3,A,4.0,0.628
S188,Teknik Elektro,3,Metodologi Penelitian,2,A,4.0,0.628
S188,Teknik Elektro,3,Kalkulus II,3,A,4.0,0.628
S188,Teknik Elektro,3,Kerja Praktik,3,A,4.0,0.628
S188,Teknik Elektro,3,Agama,2,A,4.0,0.628
S188,Teknik Elektro,3,Pengantar Matematika,2,A,4.0,0.628
S188,Teknik Elektro,4,Bahasa Indonesia,2,B+,3.3,0.628
S188,Teknik Elektro,4,Kalkulus III,3,B,3.0,0.628
S188,Teknik Elektro,4,Pancasila,2,A,4.0,0.628
S188,Teknik Elektro,4,Seminar,1,A-,3.7,0.628
S188,Teknik Elektro,4,Kalkulus I,3,A-,3.7,0.628
S188,Teknik Elektro,4,Statistika Inferensial,3,A,4.0,0.628
S188,Teknik Elektro,4,Etika Profesi,2,B+,3.3,0.628
S188,Teknik Elektro,5,Etika Profesi,2,A,4.0,0.628
S188,Teknik Elektro,5,Kewirausahaan,2,A,4.0,0.628
S188,Teknik Elektro,5,Statistika,3,A,4.0,0.628
S188,Teknik Elektro,5,Fisika,3,A-,3.7,0.628
S188,Teknik Elektro,5,Skripsi,6,B,3.0,0.628
S188,Teknik Elektro,5,Bahasa Inggris,2,A,4.0,0.628
S189,Ilmu Komunikasi,1,Bahasa Inggris,2,B+,3.3,0.253
S189,Ilmu Komunikasi,1,Agama,2,A-,3.7,0.253
S189,Ilmu Komunikasi,1,Kewarganegaraan,2,A,4.0,0.253
S189,Ilmu Komunikasi,1,Bahasa Inggris,2,A,4.0,0.253
S189,Ilmu Komunikasi,1,Kewarganegaraan,2,A,4.0,0.253
S189,Ilmu Komunikasi,1,Bahasa Indonesia,2,A,4.0,0.253
S189,Ilmu Komunikasi,1,Pancasila,2,B+,3.3,0.253
S189,Ilmu Komunikasi,2,Pancasila,2,A,4.0,0.253
S189,Ilmu Komunikasi,2,Agama,2,A-,3.7,0.253
S189,Ilmu Komunikasi,2,Kerja Praktik,3,A,4.0,0.253
S189,Ilmu Komunikasi,2,Pancasila,2,A,4.0,0.253
S189,Ilmu Komunikasi,2,Kewirausahaan,2,A,4.0,0.253
S190,Hukum,1,Etika Profesi,2,A,4.0,0.658
S190,Hukum,1,Bahasa Indonesia,2,A,4.0,0.658
S190,Hukum,1,Bahasa Inggris,2,A,4.0,0.658
S190,Hukum,1,Metodologi Penelitian,2,B+,3.3,0.658
S190,Hukum,1,Kewirausahaan,2,A,4.0,0.658
S190,Hukum,1,Hukum Perdata,3,A,4.0,0.658
S190,Hukum,1,Pancasila,2,A,4.0,0.658
S190,Hukum,2,Pancasila,2,A-,3.7,0.658
S190,Hukum,2,Kewarganegaraan,2,A,4.0,0.658
S190,Hukum,2,Hukum Pidana,3,B,3.0,0.658
S190,Hukum,2,Pengantar Ilmu Hukum,3,A,4.0,0.658
S190,Hukum,2,Bahasa Inggris,2,B+,3.3,0.658
S190,Hukum,3,Agama,2,A,4.0,0.658
S190,Hukum,3,Kewarganegaraan,2,A-,3.7,0.658
S190,Hukum,3,Pancasila,2,A,4.0,0.658
S190,Hukum,3,Agama,2,A,4.0,0.658
S190,Hukum,3,Skripsi,6,A-,3.7,0.658
S190,Hukum,3,Seminar,1,A-,3.7,0.658
S190,Hukum,3,Kewirausahaan,2,A-,3.7,0.658
S190,Hukum,4,Kewirausahaan,2,A,4.0,0.658
S190,Hukum,4,Bahasa Indonesia,2,A,4.0,0.658
S191,Teknik Mesin,1,Bahasa Inggris,2,A,4.0,0.414
S191,Teknik Mesin,1,Fisika,3,A,4.0,0.414
S191,Teknik Mesin,1,Metodologi Penelitian,2,B-,2.7,0.414
S191,Teknik Mesin,1,Kewarganegaraan,2,A,4.0,0.414
S191,Teknik Mesin,1,Bahasa Indonesia,2,A,4.0,0.414
S191,Teknik Mesin,2,Kewarganegaraan,2,A,4.0,0.414
S191,Teknik Mesin,2,Kewirausahaan,2,A,4.0,0.414
S191,Teknik Mesin,2,Kalkulus III,3,A-,3.7,0.414
S191,Teknik Mesin,2,Agama,2,A,4.0,0.414
S191,Teknik Mesin,2,Kerja Praktik,3,A-,3.7,0.414
S191,Teknik Mesin,3,Statistika Inferensial,3,C+,2.3,0.414
S191,Teknik Mesin,3,Kalkulus II,3,B-,2.7,0.414
S191,Teknik Mesin,3,Kalkulus I,3,A-,3.7,0.414
S191,Teknik Mesin,3,Agama,2,A,4.0,0.414
S191,Teknik Mesin,3,Etika Profesi,2,A,4.0,0.414
S191,Teknik Mesin,3,Skripsi,6,C+,2.3,0.414
S191,Teknik Mesin,4,Aljabar Linear,3,B+,3.3,0.414
S191,Teknik Mesin,4,Pengantar Matematika,2,A,4.0,0.414
S191,Teknik Mesin,4,Fisika Dasar I,3,A-,3.7,0.414
S191,Teknik Mesin,4,Bahasa Inggris,2,B+,3.3,0.414
S191,Teknik Mesin,4,Pancasila,2,A,4.0,0.414
S191,Teknik Mesin,4,Pancasila,2,A-,3.7,0.414
S191,Teknik Mesin,5,Kewirausahaan,2,A,4.0,0.414
S191,Teknik Mesin,5,Kimia Organik,3,B-,2.7,0.414
S191,Teknik Mesin,5,Matematika Diskrit,3,B,3.0,0.414
S191,Teknik Mesin,5,Kimia Dasar,3,B,3.0,0.414
S191,Teknik Mesin,5,Fisika Dasar II,3,B+,3.3,0.414
S192,Akuntansi,1,Kalkulus III,3,B,3.0,0.261
S192,Akuntansi,1,Kerja Praktik,3,B+,3.3,0.261
S192,Akuntansi,1,Agama,2,A,4.0,0.261
S192,Akuntansi,1,Statistika,3,A-,3.7,0.261
S192,Akuntansi,1,Manajemen,3,B,3.0,0.261
S192,Akuntansi,1,Seminar,1,A,4.0,0.261
S192,Akuntansi,2,Bahasa Indonesia,2,A-,3.7,0.261
S192,Akuntansi,2,Statistika Inferensial,3,C+,2.3,0.261
S192,Akuntansi,2,Akuntansi Keuangan,3,B+,3.3,0.261
S192,Akuntansi,2,Kewarganegaraan,2,A-,3.7,0.261
S192,Akuntansi,2,Pancasila,2,A,4.0,0.261
S192,Akuntansi,2,Kalkulus II,3,C,2.0,0.261
S192,Akuntansi,2,Skripsi,6,B,3.0,0.261
S192,Akuntansi,3,Skripsi,6,B-,2.7,0.261
S192,Akuntansi,3,Kewirausahaan,2,A,4.0,0.261
S192,Akuntansi,3,Metodologi Penelitian,2,A,4.0,0.261
S192,Akuntansi,3,Pemasaran,3,A-,3.7,0.261
S192,Akuntansi,3,Pengantar Ekonomi,3,B,3.0,0.261
S192,Akuntansi,3,Aljabar Linear,3,B-,2.7,0.261
S192,Akuntansi,3,Kewirausahaan,2,A,4.0,0.261
S192,Akuntansi,4,Kewirausahaan,2,A,4.0,0.261
S192,Akuntansi,4,Bahasa Indonesia,2,B,3.0,0.261
S192,Akuntansi,4,Bahasa Inggris,2,A-,3.7,0.261
S192,Akuntansi,4,Kewarganegaraan,2,A,4.0,0.261
S192,Akuntansi,4,Perilaku Organisasi,3,A,4.0,0.261
S192,Akuntansi,5,Etika Profesi,2,B,3.0,0.261
S192,Akuntansi,5,Pengantar Matematika,2,A,4.0,0.261
S192,Akuntansi,5,Pancasila,2,A,4.0,0.261
S192,Akuntansi,5,Kalkulus I,3,C+,2.3,0.261
S192,Akuntansi,5,Matematika Diskrit,3,A-,3.7,0.261
S192,Akuntansi,5,Bahasa Inggris,2,A-,3.7,0.261
S193,Sistem Informasi,1,Kewarganegaraan,2,A,4.0,0.549
S193,Sistem Informasi,1,Bahasa Indonesia,2,A-,3.7,0.549
S193,Sistem Informasi,1,Sistem Operasi,3,C-,1.7,0.549
S193,Sistem Informasi,1,Fisika,3,A,4.0,0.549
S193,Sistem Informasi,1,Statistika,3,A-,3.7,0.549
S193,Sistem Informasi,1,Statistika Inferensial,3,B+,3.3,0.549
S193,Sistem Informasi,1,Agama,2,A,4.0,0.549
S193,Sistem Informasi,2,Agama,2,A,4.0,0.549
S193,Sistem Informasi,2,Matematika Diskrit,3,B+,3.3,0.549
S193,Sistem Informasi,2,Fisika Dasar II,3,C-,1.7,0.549
S193,Sistem Informasi,2,Struktur Data,3,B,3.0,0.549
S193,Sistem Informasi,2,Kalkulus II,3,A-,3.7,0.549
S193,Sistem Informasi,2,Grafika Komputer,3,A-,3.7,0.549
S193,Sistem Informasi,3,Kewarganegaraan,2,B+,3.3,0.549
S193,Sistem Informasi,3,Kimia Organik,3,A-,3.7,0.549
S193,Sistem Informasi,3,Fisika Dasar I,3,B+,3.3,0.549
S193,Sistem Informasi,3,Rekayasa Perangkat Lunak,3,B+,3.3,0.549
S193,Sistem Informasi,3,Pancasila,2,A-,3.7,0.549
S193,Sistem Informasi,4,Bahasa Inggris,2,A,4.0,0.549
S193,Sistem Informasi,4,Seminar,1,A,4.0,0.549
S193,Sistem Informasi,4,Algoritma dan Pemrograman,4,B,3.0,0.549
S193,Sistem Informasi,4,Kimia Dasar,3,B+,3.3,0.549
S193,Sistem Informasi,4,Pengantar Matematika,2,A,4.0,0.549
S193,Sistem Informasi,4,Pemrograman Mobile,3,A-,3.7,0.549
S193,Sistem Informasi,4,Kecerdasan Buatan,3,B,3.0,0.549
S193,Sistem Informasi,5,Kecerdasan Buatan,3,B-,2.7,0.549
S193,Sistem Informasi,5,Agama,2,A-,3.7,0.549
S193,Sistem Informasi,5,Aljabar Linear,3,C+,2.3,0.549
S193,Sistem Informasi,5,Skripsi,6,A-,3.7,0.549
S193,Sistem Informasi,5,Bahasa Indonesia,2,A,4.0,0.549
S193,Sistem Informasi,6,Pancasila,2,A,4.0,0.549
S193,Sistem Informasi,6,Jaringan Komputer,3,A,4.0,0.549
S193,Sistem Informasi,6,Metodologi Penelitian,2,A-,3.7,0.549
S193,Sistem Informasi,6,Kalkulus I,3,C+,2.3,0.549
S193,Sistem Informasi,6,Pemrograman Berorientasi Objek,3,A-,3.7,0.549
S193,Sistem Informasi,6,Kewirausahaan,2,A,4.0,0.549
S193,Sistem Informasi,6,Pembelajaran Mesin,3,C+,2.3,0.549
S194,Sistem Informasi,1,Kalkulus II,3,B,3.0,0.263
S194,Sistem Informasi,1,Aljabar Linear,3,B,3.0,0.263
S194,Sistem Informasi,1,Pemrograman Berorientasi Objek,3,A-,3.7,0.263
S194,Sistem Informasi,1,Struktur Data,3,B+,3.3,0.263
S194,Sistem Informasi,1,Bahasa Inggris,2,B+,3.3,0.263
S194,Sistem Informasi,2,Pemrograman Mobile,3,C+,2.3,0.263
S194,Sistem Informasi,2,Kalkulus I,3,B+,3.3,0.263
S194,Sistem Informasi,2,Kimia Dasar,3,B-,2.7,0.263
S194,Sistem Informasi,2,Grafika Komputer,3,A,4.0,0.263
S194,Sistem Informasi,2,Kewirausahaan,2,A-,3.7,0.263
S194,Sistem Informasi,2,Kimia Organik,3,B,3.0,0.263
S194,Sistem Informasi,3,Bahasa Indonesia,2,A,4.0,0.263
S194,Sistem Informasi,3,Sistem Operasi,3,C+,2.3,0.263
S194,Sistem Informasi,3,Kewirausahaan,2,B-,2.7,0.263
S194,Sistem Informasi,3,Pembelajaran Mesin,3,B+,3.3,0.263
S194,Sistem Informasi,3,Jaringan Komputer,3,B,3.0,0.263
S194,Sistem Informasi,4,Rekayasa Perangkat Lunak,3,B,3.0,0.263
S194,Sistem Informasi,4,Bahasa Indonesia,2,B+,3.3,0.263
S194,Sistem Informasi,4,Kewarganegaraan,2,A,4.0,0.263
S194,Sistem Informasi,4,Etika Profesi,2,B,3.0,0.263
S194,Sistem Informasi,4,Fisika Dasar I,3,B,3.0,0.263
S194,Sistem Informasi,4,Fisika,3,A,4.0,0.263
S194,Sistem Informasi,4,Pengantar Matematika,2,A-,3.7,0.263
S195,Teknik Sipil,1,Kewirausahaan,2,A-,3.7,0.327
S195,Teknik Sipil,1,Kewarganegaraan,2,A,4.0,0.327
S195,Teknik Sipil,1,Kalkulus III,3,A-,3.7,0.327
S195,Teknik Sipil,1,Bahasa Inggris,2,A,4.0,0.327
S195,Teknik Sipil,1,Bahasa Inggris,2,A,4.0,0.327
S195,Teknik Sipil,2,Agama,2,A,4.0,0.327
S195,Teknik Sipil,2,Aljabar Linear,3,B-,2.7,0.327
S195,Teknik Sipil,2,Statistika Inferensial,3,C-,1.7,0.327
S195,Teknik Sipil,2,Bahasa Indonesia,2,A,4.0,0.327
S195,Teknik Sipil,2,Pancasila,2,A,4.0,0.327
S195,Teknik Sipil,2,Skripsi,6,A,4.0,0.327
S195,Teknik Sipil,3,Kalkulus I,3,B,3.0,0.327
S195,Teknik Sipil,3,Metodologi Penelitian,2,B,3.0,0.327
S195,Teknik Sipil,3,Agama,2,A,4.0,0.327
S195,Teknik Sipil,3,Etika Profesi,2,A,4.0,0.327
S195,Teknik Sipil,3,Kimia Organik,3,B-,2.7,0.327
S195,Teknik Sipil,3,Statistika,3,B,3.0,0.327
S195,Teknik Sipil,3,Fisika Dasar II,3,B,3.0,0.327
S196,Teknik Elektro,1,Bahasa Indonesia,2,A-,3.7,0.681
S196,Teknik Elektro,1,Kalkulus II,3,A-,3.7,0.681
S196,Teknik Elektro,1,Metodologi Penelitian,2,A,4.0,0.681
S196,Teknik Elektro,1,Agama,2,A-,3.7,0.681
S196,Teknik Elektro,1,Pengantar Matematika,2,A-,3.7,0.681
S196,Teknik Elektro,2,Kewirausahaan,2,A-,3.7,0.681
S196,Teknik Elektro,2,Statistika,3,A-,3.7,0.681
S196,Teknik Elektro,2,Agama,2,A,4.0,0.681
S196,Teknik Elektro,2,Kimia Organik,3,A,4.0,0.681
S196,Teknik Elektro,2,Fisika,3,B+,3.3,0.681
S196,Teknik Elektro,2,Kewarganegaraan,2,A,4.0,0.681
S196,Teknik Elektro,3,Etika Profesi,2,A,4.0,0.681
S196,Teknik Elektro,3,Kalkulus I,3,A,4.0,0.681
S196,Teknik Elektro,3,Seminar,1,A-,3.7,0.681
S196,Teknik Elektro,3,Kewarganegaraan,2,A-,3.7,0.681
S196,Teknik Elektro,3,Kalkulus III,3,A,4.0,0.681
S196,Teknik Elektro,3,Fisika Dasar I,3,A,4.0,0.681
S197,Teknik Mesin,1,Statistika Inferensial,3,A,4.0,0.57
S197,Teknik Mesin,1,Kewirausahaan,2,B-,2.7,0.57
S197,Teknik Mesin,1,Statistika,3,A,4.0,0.57
S197,Teknik Mesin,1,Seminar,1,A,4.0,0.57
S197,Teknik Mesin,1,Pancasila,2,A-,3.7,0.57
S197,Teknik Mesin,1,Kewarganegaraan,2,A,4.0,0.57
S197,Teknik Mesin,2,Etika Profesi,2,B+,3.3,0.57
S197,Teknik Mesin,2,Agama,2,B+,3.3,0.57
S197,Teknik Mesin,2,Bahasa Inggris,2,A,4.0,0.57
S197,Teknik Mesin,2,Fisika Dasar II,3,A,4.0,0.57
S197,Teknik Mesin,2,Kalkulus I,3,A,4.0,0.57
S197,Teknik Mesin,3,Kalkulus II,3,B,3.0,0.57
S197,Teknik Mesin,3,Pancasila,2,B+,3.3,0.57
S197,Teknik Mesin,3,Kimia Dasar,3,B+,3.3,0.57
S197,Teknik Mesin,3,Bahasa Inggris,2,B+,3.3,0.57
S197,Teknik Mesin,3,Kewarganegaraan,2,A-,3.7,0.57
S198,Ilmu Komunikasi,1,Agama,2,A,4.0,0.488
S198,Ilmu Komunikasi,1,Kewirausahaan,2,A,4.0,0.488
S198,Ilmu Komunikasi,1,Agama,2,A,4.0,0.488
S198,Ilmu Komunikasi,1,Kewirausahaan,2,A,4.0,0.488
S198,Ilmu Komunikasi,1,Komunikasi Massa,3,B+,3.3,0.488
S198,Ilmu Komunikasi,1,Bahasa Inggris,2,B-,2.7,0.488
S198,Ilmu Komunikasi,1,Bahasa Inggris,2,B+,3.3,0.488
S198,Ilmu Komunikasi,2,Bahasa Inggris,2,A,4.0,0.488
S198,Ilmu Komunikasi,2,Komunikasi Organisasi,3,A-,3.7,0.488
S198,Ilmu Komunikasi,2,Etika Profesi,2,B,3.0,0.488
S198,Ilmu Komunikasi,2,Kewarganegaraan,2,A,4.0,0.488
S198,Ilmu Komunikasi,2,Metodologi Penelitian,2,A,4.0,0.488
S198,Ilmu Komunikasi,3,Pemasaran,3,A,4.0,0.488
S198,Ilmu Komunikasi,3,Bahasa Indonesia,2,A,4.0,0.488
S198,Ilmu Komunikasi,3,Perilaku Organisasi,3,B+,3.3,0.488
S198,Ilmu Komunikasi,3,Pancasila,2,A,4.0,0.488
S198,Ilmu Komunikasi,3,Seminar,1,A,4.0,0.488
S198,Ilmu Komunikasi,3,Kerja Praktik,3,A,4.0,0.488
S198,Ilmu Komunikasi,4,Bahasa Indonesia,2,A,4.0,0.488
S198,Ilmu Komunikasi,4,Manajemen,3,A,4.0,0.488
S198,Ilmu Komunikasi,4,Skripsi,6,A,4.0,0.488
S198,Ilmu Komunikasi,4,Pancasila,2,A,4.0,0.488
S199,Sistem Informasi,1,Kimia Dasar,3,B,3.0,0.542
S199,Sistem Informasi,1,Seminar,1,A,4.0,0.542
S199,Sistem Informasi,1,Kewarganegaraan,2,A-,3.7,0.542
S199,Sistem Informasi,1,Pancasila,2,A-,3.7,0.542
S199,Sistem Informasi,1,Pemrograman Berorientasi Objek,3,C+,2.3,0.542
S199,Sistem Informasi,2,Kalkulus III,3,A-,3.7,0.542
S199,Sistem Informasi,2,Statistika,3,B-,2.7,0.542
S199,Sistem Informasi,2,Rekayasa Perangkat Lunak,3,B+,3.3,0.542
S199,Sistem Informasi,2,Pengantar Matematika,2,A,4.0,0.542
S199,Sistem Informasi,2,Sistem Operasi,3,B,3.0,0.542
S199,Sistem Informasi,2,Kalkulus I,3,B,3.0,0.542
S199,Sistem Informasi,2,Pemrograman Mobile,3,B+,3.3,0.542
S200,Kedokteran,1,Anatomi,4,A-,3.7,0.415
S200,Kedokteran,1,Kimia Organik,3,A-,3.7,0.415
S200,Kedokteran,1,Kerja Praktik,3,A,4.0,0.415
S200,Kedokteran,1,Seminar,1,A,4.0,0.415
S200,Kedokteran,1,Kimia Dasar,3,A,4.0,0.415
S200,Kedokteran,1,Agama,2,A,4.0,0.415
S200,Kedokteran,1,Kewirausahaan,2,A,4.0,0.415
S200,Kedokteran,2,Kewirausahaan,2,A,4.0,0.415
S200,Kedokteran,2,Genetika,3,A-,3.7,0.415
S200,Kedokteran,2,Kewarganegaraan,2,A-,3.7,0.415
S200,Kedokteran,2,Bahasa Inggris,2,A,4.0,0.415
S200,Kedokteran,2,Biokimia,3,B+,3.3,0.415
S200,Kedokteran,2,Bahasa Indonesia,2,B,3.0,0.415
S200,Kedokteran,3,Skripsi,6,B-,2.7,0.415
S200,Kedokteran,3,Metodologi Penelitian,2,B+,3.3,0.415
S200,Kedokteran,3,Bahasa Indonesia,2,A-,3.7,0.415
S200,Kedokteran,3,Bahasa Inggris,2,A-,3.7,0.415
S200,Kedokteran,3,Farmakologi,4,C+,2.3,0.415
S200,Kedokteran,3,Pancasila,2,A,4.0,0.415
S200,Kedokteran,3,Fisiologi,4,A,4.0,0.415
S200,Kedokteran,4,Fisiologi,4,B+,3.3,0.415
S200,Kedokteran,4,Kewirausahaan,2,A,4.0,0.415
S200,Kedokteran,4,Pancasila,2,A-,3.7,0.415
S200,Kedokteran,4,Kewarganegaraan,2,B+,3.3,0.415
S200,Kedokteran,4,Mikrobiologi,3,B+,3.3,0.415
S200,Kedokteran,4,Etika Profesi,2,A-,3.7,0.415
S200,Kedokteran,5,Agama,2,B+,3.3,0.415
S201,Hukum,1,Etika Profesi,2,B,3.0,0.37
S201,Hukum,1,Bahasa Inggris,2,A,4.0,0.37
S201,Hukum,1,Hukum Perdata,3,A,4.0,0.37
S201,Hukum,1,Pancasila,2,A,4.0,0.37
S201,Hukum,1,Pengantar Ilmu Hukum,3,A-,3.7,0.37
S201,Hukum,1,Bahasa Indonesia,2,B,3.0,0.37
S201,Hukum,1,Bahasa Inggris,2,B+,3.3,0.37
S201,Hukum,2,Bahasa Inggris,2,A,4.0,0.37
S201,Hukum,2,Kerja Praktik,3,A,4.0,0.37
S201,Hukum,2,Kewirausahaan,2,A,4.0,0.37
S201,Hukum,2,Seminar,1,A,4.0,0.37
S201,Hukum,2,Bahasa Indonesia,2,A,4.0,0.37
S201,Hukum,2,Kewirausahaan,2,A,4.0,0.37
S201,Hukum,3,Agama,2,A,4.0,0.37
S201,Hukum,3,Skripsi,6,A,4.0,0.37
S201,Hukum,3,Kewarganegaraan,2,A,4.0,0.37
S201,Hukum,3,Hukum Pidana,3,A-,3.7,0.37
S201,Hukum,3,Kewarganegaraan,2,A,4.0,0.37
S201,Hukum,4,Metodologi Penelitian,2,A,4.0,0.37
S201,Hukum,4,Agama,2,A,4.0,0.37
S202,Teknik Sipil,1,Pengantar Matematika,2,B+,3.3,0.252
S202,Teknik Sipil,1,Kimia Dasar,3,B+,3.3,0.252
S202,Teknik Sipil,1,Bahasa Indonesia,2,B+,3.3,0.252
S202,Teknik Sipil,1,Bahasa Inggris,2,A,4.0,0.252
S202,Teknik Sipil,1,Statistika Inferensial,3,A-,3.7,0.252
S202,Teknik Sipil,1,Aljabar Linear,3,A,4.0,0.252
S202,Teknik Sipil,1,Kewirausahaan,2,A-,3.7,0.252
S202,Teknik Sipil,2,Kewirausahaan,2,A-,3.7,0.252
S202,Teknik Sipil,2,Skripsi,6,B,3.0,0.252
S202,Teknik Sipil,2,Bahasa Inggris,2,A,4.0,0.252
S202,Teknik Sipil,2,Bahasa Indonesia,2,A,4.0,0.252
S202,Teknik Sipil,2,Etika Profesi,2,A-,3.7,0.252
S202,Teknik Sipil,2,Agama,2,A,4.0,0.252
S202,Teknik Sipil,2,Kerja Praktik,3,B,3.0,0.252
S202,Teknik Sipil,3,Kerja Praktik,3,A,4.0,0.252
S202,Teknik Sipil,3,Kalkulus III,3,C+,2.3,0.252
S202,Teknik Sipil,3,Fisika,3,C,2.0,0.252
S202,Teknik Sipil,3,Pancasila,2,A-,3.7,0.252
S202,Teknik Sipil,3,Seminar,1,A,4.0,0.252
S202,Teknik Sipil,4,Pancasila,2,A-,3.7,0.252
S202,Teknik Sipil,4,Kalkulus II,3,C,2.0,0.252
S202,Teknik Sipil,4,Statistika,3,A-,3.7,0.252
S202,Teknik Sipil,4,Kimia Organik,3,A-,3.7,0.252
S202,Teknik Sipil,4,Fisika Dasar II,3,B,3.0,0.252
S202,Teknik Sipil,5,Kewarganegaraan,2,A,4.0,0.252
S202,Teknik Sipil,5,Kewarganegaraan,2,A,4.0,0.252
S202,Teknik Sipil,5,Agama,2,A,4.0,0.252
S202,Teknik Sipil,5,Kalkulus I,3,A,4.0,0.252
S202,Teknik Sipil,5,Kewirausahaan,2,A,4.0,0.252
S203,Ilmu Komunikasi,1,Agama,2,A-,3.7,0.411
S203,Ilmu Komunikasi,1,Bahasa Indonesia,2,A,4.0,0.411
S203,Ilmu Komunikasi,1,Kewarganegaraan,2,A,4.0,0.411
S203,Ilmu Komunikasi,1,Etika Profesi,2,A,4.0,0.411
S203,Ilmu Komunikasi,1,Kerja Praktik,3,B+,3.3,0.411
S203,Ilmu Komunikasi,1,Seminar,1,A,4.0,0.411
S203,Ilmu Komunikasi,1,Bahasa Inggris,2,B+,3.3,0.411
S203,Ilmu Komunikasi,2,Bahasa Inggris,2,A,4.0,0.411
S203,Ilmu Komunikasi,2,Kewarganegaraan,2,A-,3.7,0.411
S203,Ilmu Komunikasi,2,Pancasila,2,A-,3.7,0.411
S203,Ilmu Komunikasi,2,Pemasaran,3,A,4.0,0.411
S203,Ilmu Komunikasi,2,Pancasila,2,A-,3.7,0.411
S203,Ilmu Komunikasi,2,Kewirausahaan,2,A,4.0,0.411
S203,Ilmu Komunikasi,3,Metodologi Penelitian,2,B+,3.3,0.411
S203,Ilmu Komunikasi,3,Skripsi,6,A-,3.7,0.411
S203,Ilmu Komunikasi,3,Komunikasi Massa,3,A,4.0,0.411
S203,Ilmu Komunikasi,3,Komunikasi Organisasi,3,A,4.0,0.411
S203,Ilmu Komunikasi,3,Bahasa Indonesia,2,A,4.0,0.411
S203,Ilmu Komunikasi,4,Manajemen,3,B+,3.3,0.411
S203,Ilmu Komunikasi,4,Perilaku Organisasi,3,A,4.0,0.411
S203,Ilmu Komunikasi,4,Kewirausahaan,2,A-,3.7,0.411
S203,Ilmu Komunikasi,4,Agama,2,B+,3.3,0.411
S204,Sistem Informasi,1,Statistika Inferensial,3,B-,2.7,0.421
S204,Sistem Informasi,1,Aljabar Linear,3,A-,3.7,0.421
S204,Sistem Informasi,1,Kimia Organik,3,B,3.0,0.421
S204,Sistem Informasi,1,Sistem Operasi,3,A-,3.7,0.421
S204,Sistem Informasi,1,Bahasa Indonesia,2,A-,3.7,0.421
S204,Sistem Informasi,2,Rekayasa Perangkat Lunak,3,B+,3.3,0.421
S204,Sistem Informasi,2,Pemrograman Mobile,3,A,4.0,0.421
S204,Sistem Informasi,2,Fisika,3,B+,3.3,0.421
S204,Sistem Informasi,2,Kerja Praktik,3,A-,3.7,0.421
S204,Sistem Informasi,2,Kecerdasan Buatan,3,C+,2.3,0.421
S204,Sistem Informasi,3,Agama,2,B+,3.3,0.421
S204,Sistem Informasi,3,Fisika Dasar II,3,B,3.0,0.421
S204,Sistem Informasi,3,Pemrograman Web,3,A,4.0,0.421
S204,Sistem Informasi,3,Kewarganegaraan,2,A,4.0,0.421
S204,Sistem Informasi,3,Bahasa Inggris,2,B+,3.3,0.421
S204,Sistem Informasi,3,Kewirausahaan,2,A,4.0,0.421
S204,Sistem Informasi,3,Skripsi,6,B,3.0,0.421
S205,Teknik Informatika,1,Pancasila,2,A,4.0,0.645
S205,Teknik Informatika,1,Kewirausahaan,2,A,4.0,0.645
S205,Teknik Informatika,1,Grafika Komputer,3,B+,3.3,0.645
S205,Teknik Informatika,1,Pengantar Matematika,2,A,4.0,0.645
S205,Teknik Informatika,1,Jaringan Komputer,3,A-,3.7,0.645
S205,Teknik Informatika,2,Fisika,3,A-,3.7,0.645
S205,Teknik Informatika,2,Etika Profesi,2,A,4.0,0.645
S205,Teknik Informatika,2,Matematika Diskrit,3,B-,2.7,0.645
S205,Teknik Informatika,2,Kewirausahaan,2,B+,3.3,0.645
S205,Teknik Informatika,2,Pemrograman Mobile,3,A-,3.7,0.645
S205,Teknik Informatika,2,Metodologi Penelitian,2,A,4.0,0.645
S205,Teknik Informatika,2,Bahasa Indonesia,2,A,4.0,0.645
S205,Teknik Informatika,3,Bahasa Indonesia,2,A-,3.7,0.645
S205,Teknik Informatika,3,Statistika Inferensial,3,A,4.0,0.645
S205,Teknik Informatika,3,Struktur Data,3,B-,2.7,0.645
S205,Teknik Informatika,3,Rekayasa Perangkat Lunak,3,A-,3.7,0.645
S205,Teknik Informatika,3,Sistem Operasi,3,A,4.0,0.645
S205,Teknik Informatika,3,Kecerdasan Buatan,3,C+,2.3,0.645
S205,Teknik Informatika,3,Kerja Praktik,3,A,4.0,0.645
S205,Teknik Informatika,4,Kerja Praktik,3,B+,3.3,0.645
S205,Teknik Informatika,4,Fisika Dasar I,3,A,4.0,0.645
S205,Teknik Informatika,4,Kewarganegaraan,2,A,4.0,0.645
S205,Teknik Informatika,4,Basis Data,3,A,4.0,0.645
S205,Teknik Informatika,4,Pemrograman Berorientasi Objek,3,B+,3.3,0.645
S205,Teknik Informatika,5,Agama,2,B-,2.7,0.645
S205,Teknik Informatika,5,Agama,2,A-,3.7,0.645
S205,Teknik Informatika,5,Algoritma dan Pemrograman,4,A,4.0,0.645
S205,Teknik Informatika,5,Statistika,3,A-,3.7,0.645
S205,Teknik Informatika,5,Bahasa Indonesia,2,A-,3.7,0.645
S205,Teknik Informatika,6,Kalkulus I,3,A,4.0,0.645
S205,Teknik Informatika,6,Kalkulus III,3,B+,3.3,0.645
S205,Teknik Informatika,6,Bahasa Inggris,2,B+,3.3,0.645
S205,Teknik Informatika,6,Fisika Dasar II,3,C+,2.3,0.645
S205,Teknik Informatika,6,Skripsi,6,A,4.0,0.645
S205,Teknik Informatika,6,Kimia Organik,3,A-,3.7,0.645
S205,Teknik Informatika,7,Bahasa Inggris,2,A,4.0,0.645
S205,Teknik Informatika,7,Kalkulus II,3,B+,3.3,0.645
S205,Teknik Informatika,7,Pembelajaran Mesin,3,B,3.0,0.645
S205,Teknik Informatika,7,Aljabar Linear,3,A,4.0,0.645
S205,Teknik Informatika,7,Kimia Dasar,3,A-,3.7,0.645
S205,Teknik Informatika,7,Pemrograman Web,3,B-,2.7,0.645
S206,Ilmu Komunikasi,1,Komunikasi Massa,3,B,3.0,0.305
S206,Ilmu Komunikasi,1,Skripsi,6,B,3.0,0.305
S206,Ilmu Komunikasi,1,Bahasa Indonesia,2,A-,3.7,0.305
S206,Ilmu Komunikasi,1,Seminar,1,A-,3.7,0.305
S206,Ilmu Komunikasi,1,Bahasa Inggris,2,B-,2.7,0.305
S206,Ilmu Komunikasi,1,Kewirausahaan,2,B+,3.3,0.305
S206,Ilmu Komunikasi,2,Etika Profesi,2,A-,3.7,0.305
S206,Ilmu Komunikasi,2,Kerja Praktik,3,A-,3.7,0.305
S206,Ilmu Komunikasi,2,Metodologi Penelitian,2,B+,3.3,0.305
S206,Ilmu Komunikasi,2,Kewirausahaan,2,A-,3.7,0.305
S206,Ilmu Komunikasi,2,Pancasila,2,A,4.0,0.305
S206,Ilmu Komunikasi,2,Perilaku Organisasi,3,B+,3.3,0.305
S206,Ilmu Komunikasi,2,Agama,2,A,4.0,0.305
S207,Sistem Informasi,1,Agama,2,A,4.0,0.446
S207,Sistem Informasi,1,Sistem Operasi,3,B+,3.3,0.446
S207,Sistem Informasi,1,Pancasila,2,A-,3.7,0.446
S207,Sistem Informasi,1,Pancasila,2,A,4.0,0.446
S207,Sistem Informasi,1,Statistika,3,A,4.0,0.446
S207,Sistem Informasi,2,Jaringan Komputer,3,A,4.0,0.446
S207,Sistem Informasi,2,Basis Data,3,B+,3.3,0.446
S207,Sistem Informasi,2,Bahasa Indonesia,2,A,4.0,0.446
S207,Sistem Informasi,2,Kecerdasan Buatan,3,B+,3.3,0.446
S207,Sistem Informasi,2,Fisika,3,A,4.0,0.446
S207,Sistem Informasi,3,Pembelajaran Mesin,3,B+,3.3,0.446
S207,Sistem Informasi,3,Etika Profesi,2,A,4.0,0.446
S207,Sistem Informasi,3,Pemrograman Mobile,3,A,4.0,0.446
S207,Sistem Informasi,3,Fisika Dasar II,3,A,4.0,0.446
S207,Sistem Informasi,3,Kewirausahaan,2,B+,3.3,0.446
S207,Sistem Informasi,3,Pemrograman Web,3,B-,2.7,0.446
S207,Sistem Informasi,3,Skripsi,6,A,4.0,0.446
S207,Sistem Informasi,4,Skripsi,6,B-,2.7,0.446
S207,Sistem Informasi,4,Kerja Praktik,3,B,3.0,0.446
S207,Sistem Informasi,4,Bahasa Indonesia,2,B+,3.3,0.446
S207,Sistem Informasi,4,Statistika Inferensial,3,B,3.0,0.446
S207,Sistem Informasi,4,Kewarganegaraan,2,A-,3.7,0.446
S208,Teknik Sipil,1,Pancasila,2,A,4.0,0.651
S208,Teknik Sipil,1,Seminar,1,A,4.0,0.651
S208,Teknik Sipil,1,Kalkulus III,3,B+,3.3,0.651
S208,Teknik Sipil,1,Kewirausahaan,2,A,4.0,0.651
S208,Teknik Sipil,1,Kewarganegaraan,2,A,4.0,0.651
S208,Teknik Sipil,1,Kalkulus I,3,A-,3.7,0.651
S208,Teknik Sipil,1,Statistika,3,A-,3.7,0.651
S208,Teknik Sipil,2,Statistika,3,A,4.0,0.651
S208,Teknik Sipil,2,Aljabar Linear,3,A-,3.7,0.651
S208,Teknik Sipil,2,Metodologi Penelitian,2,A,4.0,0.651
S208,Teknik Sipil,2,Statistika Inferensial,3,C+,2.3,0.651
S208,Teknik Sipil,2,Pengantar Matematika,2,A,4.0,0.651
S208,Teknik Sipil,3,Kerja Praktik,3,A,4.0,0.651
S208,Teknik Sipil,3,Pancasila,2,A,4.0,0.651
S208,Teknik Sipil,3,Fisika Dasar II,3,B-,2.7,0.651
S208,Teknik Sipil,3,Kewirausahaan,2,A,4.0,0.651
S208,Teknik Sipil,3,Bahasa Inggris,2,A,4.0,0.651
S208,Teknik Sipil,4,Agama,2,A,4.0,0.651
S208,Teknik Sipil,4,Kimia Organik,3,A,4.0,0.651
S208,Teknik Sipil,4,Matematika Diskrit,3,B+,3.3,0.651
S208,Teknik Sipil,4,Agama,2,A-,3.7,0.651
S208,Teknik Sipil,4,Bahasa Indonesia,2,B+,3.3,0.651
S208,Teknik Sipil,5,Bahasa Inggris,2,A-,3.7,0.651
S208,Teknik Sipil,5,Kimia Dasar,3,A-,3.7,0.651
S208,Teknik Sipil,5,Skripsi,6,A-,3.7,0.651
S208,Teknik Sipil,5,Fisika Dasar I,3,B+,3.3,0.651
S208,Teknik Sipil,5,Fisika,3,B-,2.7,0.651
S209,Kedokteran,1,Kewarganegaraan,2,A,4.0,0.639
S209,Kedokteran,1,Skripsi,6,A,4.0,0.639
S209,Kedokteran,1,Anatomi,4,A,4.0,0.639
S209,Kedokteran,1,Agama,2,A-,3.7,0.639
S209,Kedokteran,1,Kimia Dasar,3,A-,3.7,0.639
S209,Kedokteran,1,Bahasa Inggris,2,B+,3.3,0.639
S209,Kedokteran,2,Agama,2,A-,3.7,0.639
S209,Kedokteran,2,Genetika,3,B+,3.3,0.639
S209,Kedokteran,2,Metodologi Penelitian,2,A-,3.7,0.639
S209,Kedokteran,2,Etika Profesi,2,A,4.0,0.639
S209,Kedokteran,2,Bahasa Inggris,2,A,4.0,0.639
S209,Kedokteran,2,Bahasa Indonesia,2,A,4.0,0.639
S209,Kedokteran,2,Kerja Praktik,3,A,4.0,0.639
S209,Kedokteran,3,Kerja Praktik,3,A-,3.7,0.639
S209,Kedokteran,3,Pancasila,2,A,4.0,0.639
S209,Kedokteran,3,Mikrobiologi,3,A-,3.7,0.639
S209,Kedokteran,3,Kewarganegaraan,2,A-,3.7,0.639
S209,Kedokteran,3,Biokimia,3,A,4.0,0.639
S210,Teknik Sipil,1,Kalkulus II,3,A,4.0,0.588
S210,Teknik Sipil,1,Bahasa Inggris,2,A,4.0,0.588
S210,Teknik Sipil,1,Agama,2,A,4.0,0.588
S210,Teknik Sipil,1,Seminar,1,A,4.0,0.588
S210,Teknik Sipil,1,Kewarganegaraan,2,A-,3.7,0.588
S210,Teknik Sipil,1,Pancasila,2,A-,3.7,0.588
S210,Teknik Sipil,1,Kimia Organik,3,B-,2.7,0.588
S210,Teknik Sipil,2,Kimia Organik,3,B+,3.3,0.588
S210,Teknik Sipil,2,Bahasa Indonesia,2,A,4.0,0.588
S210,Teknik Sipil,2,Skripsi,6,A,4.0,0.588
S210,Teknik Sipil,2,Aljabar Linear,3,A-,3.7,0.588
S210,Teknik Sipil,2,Fisika Dasar I,3,A,4.0,0.588
S210,Teknik Sipil,3,Fisika,3,B+,3.3,0.588
S210,Teknik Sipil,3,Kewarganegaraan,2,A,4.0,0.588
S210,Teknik Sipil,3,Pengantar Matematika,2,A,4.0,0.588
S210,Teknik Sipil,3,Statistika Inferensial,3,B+,3.3,0.588
S210,Teknik Sipil,3,Fisika Dasar II,3,C-,1.7,0.588
S210,Teknik Sipil,4,Agama,2,A,4.0,0.588
S210,Teknik Sipil,4,Kimia Dasar,3,A,4.0,0.588
S210,Teknik Sipil,4,Kerja Praktik,3,A-,3.7,0.588
S210,Teknik Sipil,4,Statistika,3,B-,2.7,0.588
S210,Teknik Sipil,4,Kewirausahaan,2,A,4.0,0.588
S210,Teknik Sipil,4,Etika Profesi,2,A,4.0,0.588
S210,Teknik Sipil,5,Matematika Diskrit,3,B+,3.3,0.588
S210,Teknik Sipil,5,Pancasila,2,A,4.0,0.588
S210,Teknik Sipil,5,Kalkulus I,3,A,4.0,0.588
S210,Teknik Sipil,5,Kalkulus III,3,A-,3.7,0.588
S210,Teknik Sipil,5,Bahasa Indonesia,2,A-,3.7,0.588
S211,Teknik Informatika,1,Grafika Komputer,3,C+,2.3,0.461
S211,Teknik Informatika,1,Pemrograman Mobile,3,C+,2.3,0.461
S211,Teknik Informatika,1,Statistika,3,B+,3.3,0.461
S211,Teknik Informatika,1,Kewarganegaraan,2,A,4.0,0.461
S211,Teknik Informatika,1,Pemrograman Web,3,A,4.0,0.461
S211,Teknik Informatika,1,Bahasa Indonesia,2,A,4.0,0.461
S211,Teknik Informatika,2,Fisika Dasar I,3,A,4.0,0.461
S211,Teknik Informatika,2,Kewirausahaan,2,B+,3.3,0.461
S211,Teknik Informatika,2,Fisika Dasar II,3,B+,3.3,0.461
S211,Teknik Informatika,2,Bahasa Inggris,2,A-,3.7,0.461
S211,Teknik Informatika,2,Kalkulus III,3,C+,2.3,0.461
S211,Teknik Informatika,2,Etika Profesi,2,A,4.0,0.461
S211,Teknik Informatika,3,Kecerdasan Buatan,3,C,2.0,0.461
S211,Teknik Informatika,3,Kewarganegaraan,2,A-,3.7,0.461
S211,Teknik Informatika,3,Bahasa Indonesia,2,A,4.0,0.461
S211,Teknik Informatika,3,Pancasila,2,A-,3.7,0.461
S211,Teknik Informatika,3,Agama,2,A,4.0,0.461
S211,Teknik Informatika,4,Sistem Operasi,3,C+,2.3,0.461
S211,Teknik Informatika,4,Kewirausahaan,2,A-,3.7,0.461
